RespondentID;Possui telefone celular?;Participa de alguma associação, cooperativa ou sindicato?;Possui automóvel de passeio?;Possui convênio médico ou plano de saúde?;Está satisfeito em morar na zona rural?;A família está satisfeita em morar na zona rural?;Tem filhos que moram na Zona Urbana?;Pretende permanecer na zona rural?  ;Planeja melhorias para a propriedade nesse ano?;Participa ou já participou de algum curso para melhoria da produção?  ;As atividades desenvolvidas geram lucro?;Comercializa mais de um produto?;Empregados são registrados?;Possui trator ou outro maquinário agrícola?;Mudaria de atividade produtiva caso houvessem melhores oportunidades de rentabilidade?;Já acessou crédito rural?;Conta com assistência técnica?;A principal renda familiar depende da produção ou atividade da propriedade?;Utiliza mão de obra familiar?;Possui outras fontes de renda fora da propriedade?;Possui nascentes ou curso d’água na propriedade?;Resíduos e embalagens de agrotóxicos são devolvidos nos pontos de compra?;Utiliza equipamentos de segurança?;Tem conhecimento sobre o Código Florestal?;Gostaria de reflorestar alguma área da propriedade?;Utiliza fossa séptica?;Utiliza agrotóxicos ou defensivos agrícolas?;Utiliza adubos químicos?;Já recebeu notificação ambiental?;Há áreas de erosão ou voçorocas na propriedade?
3198429997;Sim;Nao;Sim;Sim;Sim;Sim;Nao;Sim;Sim;Nao;Sim;Nao;Nao;Nao;Sim;Nao;Nao;Sim;Sim;Nao;Nao;Nao;Nao;Sim;Nao;Nao;Nao;Nao;Nao;Sim
3198417436;Sim;Nao;Sim;Nao;Sim;Sim;Nao;Sim;Nao;Nao;Nao;Nao;Nao;Nao;Nao;Nao;Nao;Nao;Nao;Nao;Nao;Nao;Nao;Sim;Nao;Nao;Nao;Nao;Nao;Nao
3198400851;Sim;Nao;Sim;Nao;Sim;Sim;Nao;Nao;Sim;Nao;Nao;Nao;Sim;Nao;Sim;Nao;Nao;Nao;Nao;Sim;Nao;Nao;Nao;Nao;Nao respondeu;Nao respondeu;Nao;Nao;Nao;Nao
3198319729;Sim;Sim;Sim;Nao;Nao;Sim;Nao;Nao;Sim;Nao;Nao;Nao;Nao;Nao;Sim;Nao;Nao;Nao;Nao;Nao;Sim;Nao;Nao;Nao;Nao;Sim;Nao;Nao;Nao;Nao
3198299644;Sim;Nao;Sim;Nao;Sim;Sim;Nao;Sim;Nao;Nao;Nao;Nao;Nao;Nao;Sim;Nao;Nao;Nao;Nao;Nao;Sim;Sim;Sim;Nao;Nao;Sim;Nao;Nao;Nao;Nao
3198278061;Sim;Nao;Sim;Nao;Sim;Nao;Nao;Nao;Sim;Nao;Nao;Nao;Nao;Nao;Nao;Nao;Nao;Nao;Nao;Nao;Nao;Nao;Nao;Nao;Nao;Sim;Nao;Nao;Nao;Nao
3198243763;Sim;Nao;Nao;Nao;Sim;Sim;Nao;Nao;Sim;Sim;Nao;Nao;Nao;Nao;Nao;Nao;Nao;Nao;Nao;Nao;Sim;Nao;Nao;Nao;Nao;Nao;Nao;Nao;Nao;Nao
3198217693;Sim;Nao;Sim;Nao;Sim;Sim;Nao;Nao;Sim;Nao;Nao;Nao;Nao;Nao;Nao;Nao;Nao;Nao;Sim;Sim;Sim;Nao;Nao;Nao;Nao;Sim;Nao;Nao;Nao;Nao
3198193121;Sim;Nao;Sim;Sim;Nao;Nao;Sim;Nao;Sim;Nao;Nao;Nao;Nao;Nao;Sim;Nao;Nao;Nao;Nao;Sim;Sim;Nao;Nao;Nao;Nao;Nao;Nao;Nao;Nao;Nao
3198172779;Sim;Nao;Sim;Sim;Nao;Nao;Nao;Nao;Sim;Nao;Nao;Nao;Nao;Nao;Sim;Nao;Nao;Nao;Nao;Sim;Sim;Nao;Nao;Nao;Nao;Nao;Nao;Nao;Nao;Nao
3197673722;Sim;Nao;Nao;Nao;Nao;Nao;Nao;Nao;Nao;Nao;Nao;Nao;Nao;Nao;Nao;Nao;Nao;Nao;Nao;Nao;Sim;Nao;Nao;Sim;Nao;Nao;Nao;Nao;Sim;Nao
3197651838;Sim;Nao;Sim;Nao;Sim;Sim;Nao;Sim;Sim;Nao;Nao;Nao;Nao;Nao;Nao;Nao;Nao;Nao;Nao;Nao;Nao;Nao;Nao;Nao;Nao;Nao;Nao;Nao;Nao;Nao
3197632105;Sim;Nao;Sim;Nao;Sim;Sim;Nao;Sim;Nao;Nao;Nao;Nao;Nao;Nao;Nao;Nao;Nao;Nao;Sim;Sim;Sim;Sim;Nao;Sim;Sim;Sim;Nao;Nao;Nao;Nao
3197610937;Sim;Nao;Sim;Sim;Sim;Sim;Nao;Sim;Sim;Nao;Nao;Nao respondeu;Nao respondeu;Nao;Nao respondeu;Nao respondeu;Nao respondeu;Nao respondeu;Nao respondeu;Sim;Nao;Nao;Nao respondeu;Nao respondeu;Nao respondeu;Nao respondeu;Nao respondeu;Nao respondeu;Nao respondeu;Nao respondeu
3197552646;Sim;Nao;Sim;Nao;Nao;Nao;Nao;Sim;Nao;Nao;Nao;Nao;Nao;Nao;Nao;Nao;Nao;Nao;Nao;Sim;Nao;Nao;Nao;Nao;Nao;Nao respondeu;Nao;Nao;Nao;Nao
3197274960;Sim;Nao;Sim;Nao;Sim;Sim;Nao;Nao;Sim;Nao;Sim;Sim;Sim;Nao;Nao;Nao;Nao;Sim;Sim;Nao;Sim;Nao;Sim;Sim;Nao;Sim;Nao;Nao;Sim;Nao
3197271471;Sim;Sim;Sim;Sim;Sim;Sim;Nao;Sim;Sim;Nao;Sim;Sim;Nao;Nao;Sim;Nao;Nao;Nao;Nao;Nao;Sim;Nao;Nao;Nao;Nao;Nao;Nao;Nao;Nao;Nao
3197256622;Sim;Nao;Sim;Sim;Sim;Sim;Sim;Sim;Sim;Nao;Nao;Sim;Nao;Nao;Sim;Nao;Nao;Nao;Sim;Nao;Nao;Nao;Nao;Sim;Nao;Sim;Nao;Nao;Nao;Nao
3197252794;Sim;Sim;Sim;Nao;Sim;Sim;Nao;Nao;Sim;Nao;Sim;Sim;Nao;Nao;Nao;Nao;Sim;Sim;Sim;Sim;Sim;Sim;Nao;Nao;Nao;Sim;Nao;Sim;Nao;Nao
3197248341;Sim;Nao;Sim;Nao;Sim;Sim;Sim;Sim;Sim;Sim;Nao;Sim;Nao;Nao;Sim;Nao;Nao;Nao;Sim;Sim;Sim;Nao;Nao;Sim;Sim;Sim;Nao;Nao;Nao;Nao
3197245515;Sim;Nao;Sim;Sim;Sim;Sim;Sim;Sim;Sim;Sim;Nao;Nao;Nao;Nao;Sim;Nao;Nao;Nao;Sim;Sim;Sim;Nao;Nao;Sim;Nao;Nao;Sim;Sim;Sim;Sim
3197237791;Sim;Nao;Sim;Sim;Sim;Sim;Sim;Sim;Sim;Sim;Sim;Sim;Nao;Sim;Sim;Sim;Nao;Sim;Sim;Sim;Nao;Nao;Nao;Nao;Nao;Sim;Nao;Nao;Nao;Nao
3197229543;Sim;Nao respondeu;Sim;Sim;Sim;Sim;Nao;Nao;Sim;Sim;Sim;Sim;Nao;Sim;Sim;Sim;Sim;Nao;Nao;Sim;Sim;Nao;Sim;Sim;Sim;Nao;Nao;Nao;Nao;Nao
3197225281;Sim;Sim;Sim;Nao;Sim;Sim;Sim;Nao;Sim;Sim;Sim;Sim;Nao;Sim;Sim;Sim;Sim;Nao;Nao;Sim;Nao;Nao;Sim;Sim;Sim;Nao;Nao;Nao;Nao;Nao
3197222133;Sim;Nao;Sim;Nao;Sim;Sim;Sim;Sim;Sim;Nao;Nao;Nao;Nao;Nao;Nao;Nao;Nao;Nao;Nao;Nao;Sim;Nao;Nao;Nao;Nao;Nao;Nao;Nao;Nao;Nao
3197216339;Sim;Sim;Sim;Nao;Sim;Sim;Nao;Sim;Sim;Sim;Sim;Nao;Sim;Sim;Sim;Nao;Sim;Nao;Sim;Nao;Sim;Nao;Sim;Sim;Sim;Sim;Sim;Nao;Nao;Nao
3197211185;Sim;Nao;Nao;Sim;Sim;Sim;Sim;Sim;Sim;Nao;Sim;Nao;Sim;Sim;Sim;Nao;Nao;Nao;Sim;Sim;Sim;Nao;Nao;Nao;Sim;Nao;Nao;Nao;Nao;Nao
3197207915;Sim;Nao;Sim;Sim;Nao respondeu;Nao respondeu;Nao respondeu;Nao respondeu;Sim;Nao respondeu;Nao respondeu;Nao respondeu;Nao respondeu;Nao respondeu;Nao respondeu;Nao respondeu;Nao respondeu;Nao respondeu;Nao respondeu;Nao respondeu;Nao respondeu;Nao respondeu;Nao respondeu;Nao respondeu;Nao respondeu;Nao respondeu;Nao respondeu;Nao respondeu;Nao respondeu;Nao respondeu
3196232479;Sim;Nao;Nao;Nao;Sim;Sim;Nao respondeu;Sim;Sim;Nao;Nao respondeu;Nao respondeu;Nao;Nao respondeu;Nao respondeu;Nao;Nao;Nao;Nao;Sim;Sim;Nao;Nao;Sim;Sim;Nao;Nao;Nao;Nao;Nao
3196205104;Sim;Nao;Sim;Sim;Sim;Nao;Nao;Sim;Sim;Nao;Nao respondeu;Nao respondeu;Nao respondeu;Nao respondeu;Nao respondeu;Nao respondeu;Nao respondeu;Nao respondeu;Nao respondeu;Nao respondeu;Nao;Nao;Nao;Nao;Nao;Nao;Nao;Sim;Nao;Nao
3196184253;Sim;Nao;Sim;Nao;Nao;Nao;Nao;Sim;Sim;Nao;Nao;Nao;Nao;Nao;Nao;Nao;Nao;Nao;Nao;Nao;Nao;Nao;Nao respondeu;Nao;Nao;Sim;Nao;Nao;Nao;Nao
3196167838;Sim;Nao;Nao;Nao;Sim;Sim;Nao;Sim;Nao;Nao;Nao;Nao;Sim;Nao;Sim;Nao;Nao;Nao;Nao;Sim;Nao;Nao;Nao;Nao;Nao;Sim;Nao;Nao;Nao;Nao
3196155479;Sim;Nao;Nao;Nao;Sim;Sim;Nao;Sim;Sim;Sim;Nao;Nao;Nao;Nao;Sim;Nao;Nao;Nao;Nao;Nao;Nao;Nao;Nao;Nao;Sim;Nao;Nao;Nao;Nao;Nao
3196141921;Sim;Nao;Sim;Nao;Sim;Sim;Nao;Sim;Sim;Nao;Nao;Nao;Nao;Nao;Nao;Nao;Nao;Nao;Nao;Sim;Nao;Nao;Nao;Nao;Nao;Nao;Nao;Nao;Nao;Nao
3196122072;Sim;Nao;Sim;Sim;Nao;Nao;Sim;Nao;Sim;Nao;Nao;Nao;Nao;Nao;Sim;Nao;Nao;Nao;Nao;Sim;Sim;Nao;Nao;Nao;Sim;Sim;Nao;Nao;Nao;Nao
3196107474;Sim;Nao;Nao;Nao;Sim;Nao;Nao;Sim;Nao;Nao respondeu;Nao respondeu;Nao respondeu;Nao respondeu;Nao respondeu;Nao respondeu;Nao respondeu;Nao respondeu;Nao;Nao;Nao;Nao;Nao respondeu;Nao respondeu;Sim;Nao respondeu;Nao respondeu;Nao respondeu;Nao respondeu;Nao;Nao respondeu
3196092013;Sim;Nao;Sim;Nao;Nao;Sim;Nao;Sim;Nao;Sim;Sim;Nao;Nao;Nao respondeu;Nao respondeu;Nao respondeu;Nao respondeu;Nao respondeu;Nao respondeu;Nao;Nao;Nao;Nao;Nao;Nao;Nao;Nao;Nao;Nao;Nao
3196090331;Sim;Nao;Sim;Nao;Sim;Sim;Nao;Sim;Nao;Nao;Nao;Nao;Nao;Nao;Nao;Nao;Nao;Nao;Nao;Sim;Sim;Sim;Nao;Nao;Nao;Sim;Nao;Nao;Nao;Nao
3196085390;Sim;Nao;Nao;Nao;Nao;Nao respondeu;Nao;Nao;Nao;Nao;Nao respondeu;Nao respondeu;Nao respondeu;Nao respondeu;Nao respondeu;Nao respondeu;Nao respondeu;Nao respondeu;Nao respondeu;Nao respondeu;Sim;Nao respondeu;Sim;Nao respondeu;Nao respondeu;Nao respondeu;Nao respondeu;Nao respondeu;Nao respondeu;Nao respondeu
3196078022;Sim;Nao;Nao;Sim;Sim;Sim;Nao;Nao;Sim;Sim;Nao;Nao;Sim;Nao;Sim;Nao;Nao;Sim;Sim;Nao;Nao;Nao;Nao;Sim;Sim;Nao;Sim;Nao;Nao;Nao
3196073461;Sim;Nao;Sim;Nao;Sim;Sim;Nao;Sim;Sim;Nao;Nao;Nao;Sim;Nao;Sim;Nao;Nao;Nao;Nao;Nao;Nao;Nao;Nao;Sim;Sim;Sim;Nao;Nao;Nao;Nao
3196066005;Sim;Nao;Nao;Sim;Sim;Sim;Nao;Sim;Nao;Nao;Nao;Nao;Sim;Nao;Nao;Nao;Nao;Nao;Nao;Nao;Nao;Nao;Nao;Nao;Nao;Nao;Nao;Nao;Nao;Nao
3196052326;Sim;Nao;Nao;Sim;Sim;Nao;Nao;Nao;Sim;Sim;Nao;Nao;Nao;Nao;Sim;Nao;Sim;Sim;Nao;Nao;Nao;Nao;Nao;Nao;Nao;Sim;Nao;Nao;Nao;Nao
3196046473;Sim;Nao;Sim;Sim;Sim;Nao;Nao;Nao;Nao;Nao;Nao;Nao;Nao;Nao;Nao;Nao;Nao;Nao;Nao;Sim;Nao;Nao;Nao;Sim;Nao;Sim;Nao;Nao;Nao;Nao
3196035519;Sim;Nao;Nao;Nao;Nao;Nao;Nao;Nao;Nao;Nao;Nao;Nao;Nao;Sim;Sim;Nao;Nao;Nao;Sim;Sim;Sim;Sim;Nao;Sim;Nao;Sim;Nao;Nao;Nao;Nao
3196031082;Sim;Nao;Sim;Nao;Sim;Sim;Nao;Sim;Nao respondeu;Nao;Nao;Nao;Nao;Nao;Nao;Nao;Nao respondeu;Nao;Nao;Sim;Sim;Sim;Nao;Nao;Nao;Nao;Nao;Nao;Nao;Nao
3196027880;Sim;Nao;Sim;Sim;Sim;Nao;Sim;Sim;Sim;Nao;Nao;Nao;Nao;Nao;Nao;Nao;Nao;Nao;Nao;Sim;Nao;Nao;Nao;Nao;Nao;Nao;Nao;Nao;Nao;Nao
3196016979;Sim;Nao;Nao;Nao;Nao;Sim;Nao;Sim;Sim;Nao;Nao;Nao;Nao;Nao;Nao;Nao;Nao;Nao;Nao;Nao;Sim;Nao;Nao;Nao;Sim;Nao;Nao;Nao;Nao;Nao
3196010440;Sim;Nao;Nao;Nao;Nao;Nao;Nao;Nao;Sim;Nao;Nao;Nao;Nao;Nao;Nao;Nao;Nao;Nao;Nao;Nao;Sim;Nao;Nao;Nao;Nao;Sim;Nao;Nao;Nao;Nao
3196004512;Sim;Nao;Sim;Sim;Sim;Sim;Nao;Sim;Sim;Nao;Nao;Nao;Nao;Nao;Nao;Nao;Nao;Nao;Nao;Nao;Sim;Nao;Nao;Nao;Nao;Nao;Nao;Nao;Nao;Nao
3195943443;Nao respondeu;Nao;Nao;Nao;Nao respondeu;Nao respondeu;Nao respondeu;Nao respondeu;Nao;Nao;Nao;Nao respondeu;Nao respondeu;Nao;Nao;Nao respondeu;Nao;Nao;Nao;Nao;Nao;Nao respondeu;Sim;Nao;Sim;Nao;Nao;Nao;Nao;Nao
3195933993;Sim;Nao;Sim;Nao;Nao;Nao;Sim;Nao;Nao;Nao;Nao;Nao;Nao;Nao;Sim;Nao;Sim;Nao;Sim;Nao;Nao;Nao;Nao;Nao;Nao;Nao;Nao;Nao;Nao;Nao
3195926052;Sim;Nao;Sim;Sim;Sim;Sim;Sim;Sim;Sim;Nao;Nao;Nao;Nao;Nao;Nao;Nao;Nao;Nao;Nao;Sim;Sim;Nao;Nao;Sim;Nao;Sim;Nao;Nao;Nao;Nao
3195925556;Sim;Nao;Nao;Nao;Sim;Sim;Nao;Nao;Sim;Nao;Nao respondeu;Nao respondeu;Nao respondeu;Nao respondeu;Nao respondeu;Nao respondeu;Nao respondeu;Nao respondeu;Nao respondeu;Nao respondeu;Nao respondeu;Nao respondeu;Nao respondeu;Nao respondeu;Nao respondeu;Sim;Nao respondeu;Nao respondeu;Nao respondeu;Nao respondeu
3195918395;Sim;Nao;Nao;Sim;Nao;Sim;Sim;Nao;Sim;Nao;Nao;Nao;Nao;Nao;Nao;Nao;Nao;Sim;Sim;Sim;Nao;Sim;Nao;Sim;Nao;Nao;Nao;Nao;Nao;Nao
3195911215;Sim;Nao;Sim;Sim;Sim;Sim;Nao;Sim;Sim;Nao;Nao respondeu;Nao respondeu;Nao respondeu;Nao respondeu;Nao respondeu;Nao respondeu;Nao respondeu;Nao respondeu;Nao respondeu;Nao respondeu;Nao;Nao;Nao;Nao;Nao;Nao;Nao;Nao;Nao;Nao
3195909187;Sim;Nao respondeu;Sim;Sim;Nao;Sim;Nao respondeu;Nao;Sim;Nao;Nao respondeu;Nao respondeu;Nao respondeu;Nao respondeu;Nao respondeu;Nao respondeu;Nao respondeu;Nao respondeu;Nao respondeu;Nao respondeu;Nao;Nao;Nao;Nao;Nao respondeu;Nao respondeu;Nao respondeu;Nao respondeu;Nao respondeu;Nao respondeu
3195902553;Sim;Nao;Sim;Nao;Nao;Sim;Sim;Nao;Sim;Nao;Nao respondeu;Nao respondeu;Nao respondeu;Nao respondeu;Nao respondeu;Nao respondeu;Nao respondeu;Nao respondeu;Nao respondeu;Nao respondeu;Nao;Nao;Nao;Nao;Nao;Nao respondeu;Nao;Nao;Nao;Nao
3195870660;Sim;Nao;Sim;Nao;Sim;Sim;Nao;Sim;Nao;Nao;Nao;Nao;Sim;Nao;Nao;Nao;Nao;Nao;Nao;Sim;Sim;Sim;Sim;Nao;Nao;Nao;Nao;Sim;Nao;Nao
3195861823;Sim;Nao;Nao;Sim;Sim;Sim;Sim;Nao;Sim;Nao;Sim;Nao;Nao;Nao;Sim;Nao;Sim;Nao;Sim;Nao;Nao;Nao;Nao;Sim;Nao;Sim;Nao;Nao;Sim;Nao
3195851840;Sim;Nao;Nao;Nao;Nao respondeu;Sim;Sim;Nao respondeu;Nao respondeu;Nao respondeu;Nao respondeu;Nao respondeu;Nao respondeu;Nao respondeu;Nao respondeu;Nao respondeu;Nao respondeu;Nao respondeu;Nao respondeu;Nao respondeu;Nao respondeu;Nao respondeu;Nao respondeu;Nao respondeu;Nao respondeu;Nao respondeu;Nao respondeu;Nao respondeu;Nao respondeu;Nao respondeu
3195833275;Nao;Nao;Nao;Sim;Sim;Sim;Sim;Sim;Nao respondeu;Nao;Sim;Sim;Nao;Nao;Sim;Nao;Nao;Nao;Nao;Nao;Nao;Nao;Nao;Nao;Nao;Nao;Nao;Nao;Nao;Nao
3195825046;Sim;Nao;Sim;Nao;Sim;Sim;Nao;Sim;Sim;Sim;Sim;Sim;Sim;Sim;Sim;Sim;Sim;Sim;Sim;Sim;Nao;Nao;Nao;Sim;Sim;Nao;Nao;Nao;Nao;Nao
3195817064;Sim;Nao;Sim;Nao;Sim;Sim;Sim;Sim;Sim;Sim;Sim;Sim;Sim;Sim;Sim;Sim;Sim;Sim;Sim;Nao;Sim;Nao;Nao;Nao;Nao;Sim;Nao;Nao;Nao;Nao
3195798173;Sim;Nao;Sim;Nao;Sim;Sim;Nao;Sim;Nao;Nao;Nao;Nao;Nao;Nao;Nao;Nao;Nao;Nao;Nao;Nao;Nao;Nao;Nao;Nao;Nao;Sim;Nao;Nao;Nao;Nao
3195735657;Sim;Nao;Nao;Sim;Sim;Sim;Nao;Sim;Nao;Nao;Nao;Nao;Nao;Nao;Nao;Nao;Sim;Nao;Sim;Sim;Sim;Sim;Nao;Nao;Nao;Sim;Nao;Nao;Nao;Nao
3195727486;Sim;Nao;Nao;Nao;Nao;Nao;Nao;Nao;Nao;Nao;Nao respondeu;Nao respondeu;Nao respondeu;Nao respondeu;Nao respondeu;Nao respondeu;Nao respondeu;Nao respondeu;Nao respondeu;Nao respondeu;Sim;Nao;Nao;Nao;Nao;Sim;Nao;Nao;Nao;Nao
3195724705;Sim;Nao;Nao;Nao;Nao;Nao;Sim;Sim;Sim;Nao;Nao;Nao;Nao;Nao;Sim;Nao;Nao;Sim;Nao;Nao;Nao;Nao;Nao;Nao;Nao;Nao;Nao;Nao;Nao;Nao
3195713404;Sim;Nao;Nao;Nao;Nao;Nao;Nao;Sim;Nao respondeu;Nao;Nao respondeu;Nao respondeu;Nao;Nao;Sim;Nao;Nao;Nao;Sim;Sim;Sim;Nao respondeu;Nao respondeu;Nao respondeu;Nao respondeu;Nao respondeu;Nao respondeu;Nao respondeu;Nao respondeu;Nao respondeu
3195687119;Sim;Nao;Nao;Nao;Sim;Sim;Nao;Sim;Sim;Nao respondeu;Nao respondeu;Nao respondeu;Nao respondeu;Nao respondeu;Nao respondeu;Nao;Nao respondeu;Nao respondeu;Nao respondeu;Nao respondeu;Nao respondeu;Nao respondeu;Nao respondeu;Nao respondeu;Nao respondeu;Sim;Nao respondeu;Nao respondeu;Nao respondeu;Sim
3195681190;Sim;Nao;Nao;Sim;Sim;Sim;Nao;Sim;Nao;Nao;Nao respondeu;Nao respondeu;Nao respondeu;Nao respondeu;Nao respondeu;Nao respondeu;Nao respondeu;Nao respondeu;Nao respondeu;Nao respondeu;Nao;Nao respondeu;Nao respondeu;Nao respondeu;Nao respondeu;Nao respondeu;Nao respondeu;Nao respondeu;Nao respondeu;Nao respondeu
3195670678;Sim;Sim;Nao;Nao;Nao respondeu;Nao respondeu;Nao respondeu;Nao respondeu;Nao respondeu;Nao respondeu;Nao respondeu;Nao respondeu;Nao respondeu;Nao respondeu;Nao respondeu;Nao respondeu;Nao respondeu;Nao respondeu;Nao respondeu;Nao respondeu;Nao respondeu;Nao respondeu;Nao respondeu;Nao respondeu;Nao respondeu;Nao respondeu;Nao respondeu;Nao respondeu;Nao respondeu;Nao respondeu
3195664589;Sim;Nao;Nao;Nao;Sim;Sim;Nao;Sim;Sim;Nao;Nao;Nao;Sim;Nao;Nao;Nao;Nao;Nao;Nao;Sim;Nao;Nao;Nao;Nao;Nao;Nao;Nao;Nao;Nao;Nao
3195663437;Sim;Nao;Sim;Nao;Sim;Sim;Nao;Nao;Sim;Sim;Nao respondeu;Nao respondeu;Nao respondeu;Nao respondeu;Nao respondeu;Nao respondeu;Nao respondeu;Nao respondeu;Nao respondeu;Nao respondeu;Sim;Nao;Nao;Nao;Nao;Sim;Nao;Nao;Nao;Nao
3195655609;Sim;Nao;Sim;Nao;Sim;Sim;Nao;Sim;Sim;Nao;Nao;Nao;Nao;Nao;Nao;Nao;Nao;Nao;Nao;Nao;Nao;Nao;Nao;Nao;Nao;Nao;Nao;Nao;Nao;Nao
3195655422;Sim;Nao;Nao;Sim;Sim;Nao respondeu;Nao respondeu;Nao respondeu;Nao respondeu;Nao respondeu;Nao respondeu;Nao respondeu;Nao respondeu;Nao respondeu;Nao respondeu;Nao respondeu;Nao respondeu;Nao respondeu;Nao respondeu;Nao respondeu;Nao respondeu;Nao respondeu;Nao respondeu;Nao respondeu;Nao respondeu;Nao respondeu;Nao respondeu;Nao respondeu;Nao respondeu;Nao respondeu
3195648198;Sim;Nao;Nao;Nao;Sim;Sim;Nao;Sim;Sim;Nao;Nao;Sim;Nao;Nao;Nao;Nao;Nao;Nao;Nao;Nao;Nao;Nao;Nao;Sim;Nao;Nao;Nao;Nao;Nao;Nao
3195646805;Sim;Sim;Sim;Nao;Sim;Sim;Nao;Sim;Sim;Nao;Nao;Nao;Nao;Nao;Sim;Nao;Nao;Nao;Nao;Sim;Nao;Nao;Nao;Nao;Sim;Nao;Nao;Nao;Nao;Nao
3195640822;Sim;Nao;Nao;Nao;Sim;Sim;Nao;Nao;Nao respondeu;Nao respondeu;Nao respondeu;Nao respondeu;Nao respondeu;Nao respondeu;Nao respondeu;Nao respondeu;Nao respondeu;Nao respondeu;Nao respondeu;Nao respondeu;Nao respondeu;Nao respondeu;Nao respondeu;Nao respondeu;Nao respondeu;Nao respondeu;Nao respondeu;Nao respondeu;Nao respondeu;Nao respondeu
3195632637;Sim;Nao;Sim;Sim;Sim;Nao;Sim;Sim;Nao;Nao;Nao respondeu;Nao;Nao;Nao;Nao;Nao;Nao;Nao;Nao;Sim;Sim;Nao;Nao;Nao;Nao;Nao;Nao;Nao;Nao;Nao
3195630236;Sim;Nao;Nao;Nao;Sim;Sim;Nao;Sim;Nao;Nao;Nao;Nao;Nao;Nao;Sim;Nao;Sim;Nao;Sim;Nao;Sim;Nao;Nao;Nao;Nao;Sim;Nao;Nao;Nao;Nao
3195626096;Sim;Nao;Nao;Sim;Sim;Nao;Sim;Sim;Nao respondeu;Nao;Nao respondeu;Nao respondeu;Nao respondeu;Nao respondeu;Nao respondeu;Nao respondeu;Nao respondeu;Nao respondeu;Nao respondeu;Nao respondeu;Nao respondeu;Nao respondeu;Nao respondeu;Nao respondeu;Nao respondeu;Nao respondeu;Nao respondeu;Nao respondeu;Nao respondeu;Nao respondeu
3195619314;Sim;Nao;Sim;Nao;Sim;Sim;Sim;Sim;Sim;Nao;Nao;Nao;Nao;Nao;Nao;Nao;Nao;Nao;Nao;Nao;Nao;Nao;Nao;Nao;Nao;Nao;Nao;Nao;Nao;Nao
3195617833;Sim;Nao;Sim;Nao;Sim;Sim;Sim;Sim;Sim;Sim;Nao;Nao;Nao;Sim;Sim;Nao;Nao;Nao;Sim;Nao;Sim;Nao;Sim;Sim;Nao;Sim;Sim;Sim;Nao;Nao
3195612622;Sim;Nao;Sim;Sim;Nao;Nao;Nao;Sim;Sim;Nao;Nao;Nao;Sim;Nao;Sim;Nao;Nao;Nao;Nao;Nao;Nao;Nao;Nao;Nao;Nao;Nao;Nao;Nao;Nao;Nao
3195608036;Nao respondeu;Nao respondeu;Nao respondeu;Nao respondeu;Nao respondeu;Nao respondeu;Nao respondeu;Nao respondeu;Nao respondeu;Nao respondeu;Nao respondeu;Nao respondeu;Nao respondeu;Nao respondeu;Nao respondeu;Nao respondeu;Nao respondeu;Nao respondeu;Nao respondeu;Nao respondeu;Nao respondeu;Nao respondeu;Nao respondeu;Nao respondeu;Nao respondeu;Nao respondeu;Nao respondeu;Nao respondeu;Nao respondeu;Nao respondeu
3195607414;Sim;Nao;Nao;Nao;Nao;Nao;Nao;Nao;Nao;Nao;Nao;Nao;Nao;Nao;Nao;Nao;Nao;Nao;Nao;Nao;Nao;Nao;Nao;Nao;Nao;Nao;Nao;Nao;Nao;Nao
3195601167;Sim;Nao;Sim;Sim;Sim;Sim;Nao;Sim;Sim;Nao;Nao;Nao;Nao;Nao;Nao;Nao;Nao;Nao;Nao;Nao;Sim;Nao;Nao;Nao;Nao;Nao;Nao;Nao;Nao;Nao
3195593491;Sim;Nao;Nao;Sim;Sim;Sim;Nao;Sim;Sim;Nao;Nao;Nao;Nao;Nao;Nao;Nao;Nao;Nao;Nao;Sim;Sim;Nao;Nao;Sim;Sim;Sim;Nao;Nao;Nao;Nao
3195593182;Sim;Nao;Nao;Nao;Nao;Nao;Nao;Nao;Sim;Nao;Nao respondeu;Nao respondeu;Nao respondeu;Nao;Sim;Nao;Nao;Nao;Nao;Sim;Nao;Sim;Nao;Sim;Nao;Sim;Nao;Nao;Nao;Nao
3195587467;Sim;Nao;Sim;Nao respondeu;Sim;Sim;Nao;Sim;Nao;Nao respondeu;Nao respondeu;Nao respondeu;Nao respondeu;Nao respondeu;Nao respondeu;Nao respondeu;Nao respondeu;Nao respondeu;Nao respondeu;Nao respondeu;Nao respondeu;Nao respondeu;Nao respondeu;Nao respondeu;Nao respondeu;Nao respondeu;Nao respondeu;Nao respondeu;Nao respondeu;Nao respondeu
3195577746;Sim;Nao;Nao;Sim;Sim;Sim;Nao;Nao;Sim;Nao;Nao;Nao respondeu;Nao respondeu;Nao respondeu;Nao;Nao;Nao;Nao;Nao;Nao;Nao;Nao;Nao;Nao;Nao;Nao;Nao;Nao;Nao;Nao
3195571400;Sim;Nao;Sim;Nao;Sim;Sim;Nao;Sim;Sim;Nao;Nao;Nao;Nao;Nao;Sim;Nao;Nao;Nao;Nao;Nao;Nao;Nao;Nao;Nao;Nao;Nao;Nao;Nao;Nao;Nao
3195563615;Sim;Sim;Nao;Sim;Sim;Sim;Nao;Nao;Sim;Nao;Nao respondeu;Nao respondeu;Nao respondeu;Nao respondeu;Nao respondeu;Nao respondeu;Nao respondeu;Nao respondeu;Nao respondeu;Nao respondeu;Nao respondeu;Nao respondeu;Nao respondeu;Nao respondeu;Nao respondeu;Sim;Nao respondeu;Nao respondeu;Nao respondeu;Nao respondeu
3195554023;Sim;Nao;Nao;Nao;Sim;Sim;Nao;Sim;Sim;Nao;Nao respondeu;Nao respondeu;Nao respondeu;Nao;Nao respondeu;Nao;Nao;Nao;Nao;Nao;Nao;Nao;Nao;Nao;Nao;Nao;Nao;Nao;Nao;Nao
3195472276;Sim;Nao;Sim;Nao;Nao;Nao;Nao;Nao;Sim;Nao;Sim;Nao;Sim;Sim;Sim;Nao;Nao;Sim;Nao;Sim;Sim;Sim;Nao;Sim;Sim;Sim;Nao;Nao;Sim;Nao
3195466264;Sim;Sim;Sim;Nao;Sim;Sim;Nao;Sim;Sim;Nao;Sim;Nao;Nao;Sim;Sim;Nao;Sim;Sim;Sim;Sim;Sim;Nao;Sim;Sim;Nao;Sim;Sim;Sim;Nao;Nao
3195460574;Sim;Nao;Sim;Nao;Sim;Nao;Sim;Nao;Nao;Nao;Nao;Nao;Nao;Nao;Nao;Nao;Nao;Nao;Nao;Nao;Sim;Nao;Nao;Sim;Sim;Nao;Sim;Sim;Nao;Nao
3195379963;Sim;Nao;Sim;Nao;Sim;Sim;Nao;Sim;Sim;Nao;Nao;Nao;Nao;Nao;Nao;Nao;Nao;Nao;Nao;Sim;Sim;Sim;Sim;Sim;Nao;Sim;Nao;Nao;Nao;Sim
3195374513;Sim;Nao;Nao;Nao;Sim;Sim;Nao;Sim;Sim;Nao;Nao;Nao;Nao;Nao;Sim;Nao;Sim;Nao;Sim;Sim;Sim;Sim;Nao;Sim;Sim;Sim;Nao;Sim;Nao;Nao
3195352407;Sim;Nao;Sim;Sim;Sim;Sim;Nao;Nao;Sim;Sim;Nao;Nao;Nao;Nao;Sim;Nao;Nao;Nao;Nao;Sim;Sim;Nao;Nao;Sim;Nao;Sim;Nao;Nao;Nao;Nao
3195346440;Nao;Nao;Nao;Nao;Sim;Sim;Nao;Sim;Sim;Nao;Sim;Nao;Nao;Nao;Sim;Nao;Sim;Nao;Nao;Sim;Sim;Nao;Nao;Sim;Sim;Sim;Nao;Sim;Nao;Nao
3195341303;Sim;Nao;Nao;Nao;Sim;Sim;Sim;Sim;Sim;Nao;Nao;Nao;Nao;Nao;Nao respondeu;Nao respondeu;Nao respondeu;Nao respondeu;Nao respondeu;Nao respondeu;Nao respondeu;Nao respondeu;Nao respondeu;Nao respondeu;Nao respondeu;Nao respondeu;Nao respondeu;Nao respondeu;Nao respondeu;Nao respondeu
3195337320;Nao respondeu;Nao respondeu;Nao respondeu;Nao respondeu;Nao respondeu;Nao respondeu;Nao respondeu;Nao respondeu;Nao respondeu;Nao respondeu;Nao respondeu;Nao respondeu;Nao respondeu;Nao respondeu;Nao respondeu;Nao respondeu;Nao respondeu;Nao respondeu;Nao respondeu;Nao respondeu;Nao respondeu;Nao respondeu;Nao respondeu;Nao respondeu;Nao respondeu;Nao respondeu;Nao respondeu;Nao respondeu;Nao respondeu;Nao respondeu
3195324927;Nao;Nao;Nao;Nao;Sim;Sim;Nao;Sim;Sim;Nao;Nao;Nao;Nao;Nao;Nao;Nao;Nao;Nao;Nao respondeu;Nao;Sim;Nao;Nao;Sim;Sim;Sim;Nao;Nao;Nao;Nao
3195301314;Sim;Nao;Nao;Nao;Sim;Sim;Nao;Sim;Sim;Nao;Nao;Nao;Nao;Nao;Nao;Nao;Nao;Nao;Nao;Sim;Nao;Nao;Nao;Sim;Nao;Nao;Nao;Nao;Nao;Nao
3195295130;Sim;Nao;Sim;Nao;Nao respondeu;Nao;Nao;Nao respondeu;Nao;Nao;Nao;Nao;Sim;Nao;Nao respondeu;Nao;Nao;Nao;Nao respondeu;Nao;Sim;Nao respondeu;Nao respondeu;Sim;Nao;Sim;Nao;Nao;Nao respondeu;Nao respondeu
3195289966;Sim;Nao;Nao;Sim;Sim;Sim;Nao;Sim;Sim;Nao;Nao;Nao;Nao;Nao;Nao;Nao;Nao;Nao;Sim;Nao;Nao;Nao;Sim;Sim;Nao;Sim;Nao;Nao;Nao;Nao
3195284342;Sim;Nao;Sim;Nao;Sim;Sim;Nao;Sim;Nao;Nao respondeu;Nao respondeu;Nao respondeu;Nao respondeu;Nao respondeu;Nao respondeu;Nao respondeu;Nao respondeu;Nao respondeu;Nao respondeu;Nao respondeu;Nao;Nao respondeu;Nao respondeu;Nao respondeu;Nao respondeu;Sim;Nao respondeu;Nao respondeu;Nao respondeu;Nao respondeu
3195272943;Sim;Nao;Nao;Sim;Sim;Sim;Nao;Sim;Nao;Nao;Nao;Nao;Nao;Nao;Nao;Nao;Nao;Nao;Nao;Nao;Nao;Nao;Nao;Nao;Nao;Nao;Nao;Nao;Nao;Nao
3195267013;Sim;Nao;Nao;Sim;Sim;Sim;Nao;Sim;Nao;Nao;Nao;Nao;Nao;Nao;Sim;Nao;Nao;Nao;Nao;Nao;Sim;Nao;Nao;Sim;Sim;Nao;Nao;Nao;Nao;Nao
3195253694;Sim;Nao;Sim;Nao;Sim;Sim;Nao;Sim;Sim;Nao;Nao;Nao;Nao;Nao;Nao;Nao;Nao;Nao;Nao;Sim;Sim;Sim;Nao;Sim;Nao;Nao;Nao;Nao;Nao;Nao
3195233571;Sim;Nao;Sim;Nao;Sim;Sim;Nao;Sim;Nao;Nao;Nao;Nao;Nao;Nao;Sim;Nao;Nao;Nao;Nao;Sim;Nao;Nao;Nao;Nao;Nao;Nao;Nao;Nao;Nao;Nao
3195226272;Sim;Nao;Nao;Nao;Sim;Nao respondeu;Nao;Sim;Sim;Nao;Sim;Nao;Nao;Nao;Sim;Nao;Nao;Nao;Sim;Sim;Nao;Nao;Nao;Nao;Sim;Nao;Nao;Nao;Nao;Nao
3195217195;Sim;Nao;Nao;Nao;Sim;Sim;Sim;Sim;Nao respondeu;Nao respondeu;Nao respondeu;Nao respondeu;Nao respondeu;Nao respondeu;Nao respondeu;Nao respondeu;Nao respondeu;Nao respondeu;Nao respondeu;Nao respondeu;Nao respondeu;Nao respondeu;Nao respondeu;Nao respondeu;Nao respondeu;Nao respondeu;Nao respondeu;Nao respondeu;Nao respondeu;Nao respondeu
3195209408;Sim;Nao;Nao;Sim;Sim;Sim;Nao;Sim;Sim;Nao;Nao;Nao;Nao;Nao;Sim;Nao;Nao;Nao;Nao;Sim;Sim;Nao;Nao;Sim;Nao;Sim;Nao;Nao;Nao;Nao
3195202988;Sim;Nao;Nao;Nao;Sim;Sim;Sim;Sim;Sim;Nao;Nao;Nao;Nao;Nao;Sim;Nao;Nao;Nao;Nao;Nao;Nao;Nao;Nao;Nao;Nao;Sim;Nao;Nao;Nao;Nao
3195194953;Sim;Sim;Sim;Nao;Sim;Sim;Nao;Sim;Sim;Nao;Nao;Nao;Nao;Nao;Nao respondeu;Nao;Nao;Nao;Nao;Nao;Sim;Sim;Sim;Sim;Nao;Sim;Nao;Nao;Nao;Nao
3195186147;Sim;Nao;Nao;Sim;Sim;Sim;Nao;Sim;Sim;Nao;Nao respondeu;Nao respondeu;Nao respondeu;Nao;Nao respondeu;Nao;Nao;Nao respondeu;Nao respondeu;Nao respondeu;Sim;Nao respondeu;Nao respondeu;Nao;Nao respondeu;Nao respondeu;Nao respondeu;Nao respondeu;Nao respondeu;Nao respondeu
3195165608;Sim;Nao;Sim;Nao;Sim;Sim;Nao;Sim;Sim;Nao;Nao respondeu;Nao respondeu;Nao respondeu;Nao respondeu;Nao respondeu;Nao respondeu;Nao respondeu;Nao respondeu;Nao respondeu;Nao respondeu;Sim;Nao respondeu;Nao respondeu;Sim;Nao respondeu;Nao respondeu;Nao respondeu;Nao respondeu;Nao respondeu;Nao respondeu
3195158771;Sim;Sim;Sim;Nao;Sim;Sim;Nao;Sim;Nao respondeu;Nao respondeu;Nao respondeu;Nao respondeu;Nao respondeu;Nao respondeu;Nao respondeu;Nao respondeu;Nao respondeu;Nao respondeu;Nao respondeu;Nao respondeu;Nao respondeu;Nao respondeu;Nao respondeu;Nao respondeu;Nao respondeu;Nao respondeu;Nao respondeu;Nao respondeu;Nao respondeu;Nao respondeu
3195150958;Sim;Nao;Nao;Nao;Sim;Sim;Nao;Sim;Nao;Nao;Nao;Nao;Nao respondeu;Nao;Nao respondeu;Nao;Nao respondeu;Nao respondeu;Nao;Nao;Nao;Nao respondeu;Nao respondeu;Nao respondeu;Sim;Sim;Nao;Nao;Nao;Nao respondeu
3195143050;Sim;Nao;Sim;Sim;Sim;Sim;Nao;Sim;Sim;Nao;Nao;Nao;Nao;Nao;Nao;Nao;Nao;Nao;Nao;Sim;Sim;Nao;Sim;Sim;Sim;Sim;Nao;Nao;Nao;Nao
3195142446;Sim;Nao;Nao;Nao;Nao;Sim;Nao;Nao;Sim;Nao;Nao;Nao;Nao;Nao;Nao;Nao;Nao;Nao;Nao;Nao;Nao;Nao;Nao;Nao;Nao respondeu;Nao respondeu;Nao respondeu;Nao respondeu;Nao respondeu;Nao respondeu
3195132388;Sim;Sim;Sim;Sim;Sim;Sim;Sim;Sim;Sim;Sim;Nao;Nao;Nao;Nao;Sim;Nao;Nao respondeu;Nao;Nao respondeu;Sim;Sim;Nao respondeu;Nao respondeu;Nao;Nao;Nao;Nao;Nao;Nao;Nao
3195122478;Sim;Nao;Nao;Nao;Sim;Sim;Nao;Sim;Sim;Nao;Sim;Nao;Nao;Nao;Sim;Nao;Nao;Nao;Nao;Sim;Nao;Nao;Nao;Nao;Sim;Sim;Nao;Nao;Nao;Nao
3195118648;Sim;Nao;Sim;Sim;Nao;Nao;Nao;Nao;Nao;Nao;Nao;Nao;Sim;Nao;Nao;Sim;Nao respondeu;Nao;Nao;Sim;Nao;Sim;Sim;Nao;Nao;Nao;Nao;Nao;Nao;Nao
3195115531;Sim;Nao;Nao;Nao;Sim;Sim;Sim;Sim;Nao;Nao;Nao;Nao;Nao;Nao;Sim;Nao;Nao;Nao;Nao;Sim;Sim;Nao;Nao;Sim;Nao;Nao;Nao;Nao;Nao;Nao
3195110756;Sim;Nao;Sim;Sim;Sim;Sim;Nao;Sim;Sim;Nao;Nao respondeu;Nao respondeu;Nao respondeu;Nao respondeu;Nao respondeu;Nao respondeu;Nao respondeu;Nao respondeu;Nao respondeu;Sim;Nao;Nao;Nao;Nao;Nao;Nao;Nao;Nao;Nao;Nao
3195103879;Sim;Nao respondeu;Sim;Sim;Sim;Sim;Nao;Sim;Sim;Nao;Nao respondeu;Nao respondeu;Nao respondeu;Nao respondeu;Nao respondeu;Nao respondeu;Nao respondeu;Nao respondeu;Nao respondeu;Nao respondeu;Sim;Nao;Nao;Sim;Nao;Nao;Nao;Nao;Nao;Nao
3195102591;Sim;Nao;Nao;Nao;Sim;Sim;Nao;Sim;Nao;Nao;Nao;Sim;Sim;Nao;Nao respondeu;Nao respondeu;Nao respondeu;Nao;Nao respondeu;Nao respondeu;Nao;Nao;Nao respondeu;Nao;Nao;Sim;Nao;Nao;Nao;Nao
3195097597;Sim;Nao;Sim;Nao;Sim;Sim;Nao;Sim;Sim;Nao;Nao;Nao;Nao;Nao;Nao;Nao;Nao;Nao;Nao;Nao;Sim;Sim;Sim;Sim;Nao;Sim;Nao;Nao;Nao;Nao
3195092663;Sim;Nao;Nao;Sim;Sim;Nao;Sim;Sim;Nao;Sim;Sim;Nao;Nao respondeu;Nao respondeu;Nao respondeu;Nao;Nao;Nao;Nao;Sim;Nao;Nao;Nao respondeu;Nao respondeu;Nao respondeu;Nao respondeu;Nao respondeu;Nao respondeu;Nao respondeu;Nao respondeu
3195081514;Sim;Nao;Sim;Nao;Sim;Sim;Sim;Sim;Sim;Nao;Sim;Sim;Nao;Nao;Nao;Nao;Sim;Nao;Nao;Nao;Sim;Sim;Sim;Sim;Nao;Sim;Nao;Nao;Nao;Nao
3195077652;Sim;Nao;Sim;Nao;Sim;Sim;Nao;Sim;Sim;Nao;Nao respondeu;Nao respondeu;Nao respondeu;Nao respondeu;Nao respondeu;Nao respondeu;Nao respondeu;Nao respondeu;Nao respondeu;Nao respondeu;Sim;Nao respondeu;Nao respondeu;Nao respondeu;Nao respondeu;Sim;Nao respondeu;Nao respondeu;Nao respondeu;Nao respondeu
3195075077;Sim;Nao;Nao;Nao;Nao;Sim;Sim;Sim;Nao;Nao;Nao;Nao;Nao;Nao;Nao;Nao;Nao;Sim;Nao;Nao respondeu;Sim;Nao;Nao;Nao;Nao;Nao;Nao;Nao;Nao;Nao
3195066412;Sim;Nao;Nao;Nao;Sim;Sim;Nao;Sim;Sim;Nao;Nao;Nao;Sim;Nao respondeu;Sim;Nao;Nao;Nao;Nao;Sim;Sim;Nao;Sim;Nao;Nao respondeu;Nao respondeu;Nao;Nao respondeu;Nao respondeu;Nao respondeu
3195059900;Sim;Nao;Sim;Nao;Nao respondeu;Nao;Nao;Sim;Sim;Nao;Nao;Nao;Nao;Nao;Nao;Nao;Nao;Nao;Nao;Sim;Nao;Nao;Nao;Nao;Nao;Sim;Nao;Nao;Nao;Nao
3195053964;Sim;Nao;Nao;Nao;Sim;Sim;Nao;Sim;Sim;Nao;Nao;Nao;Nao;Nao;Sim;Nao;Nao;Nao;Nao;Nao;Sim;Nao;Nao;Sim;Sim;Sim;Nao;Nao;Nao;Nao
3195048242;Sim;Nao;Sim;Nao;Nao;Nao;Nao;Nao;Sim;Nao;Nao respondeu;Nao respondeu;Nao respondeu;Nao respondeu;Nao respondeu;Nao respondeu;Nao respondeu;Nao respondeu;Nao respondeu;Nao respondeu;Sim;Nao respondeu;Nao respondeu;Nao respondeu;Nao respondeu;Sim;Nao respondeu;Nao;Nao;Nao
3195044596;Sim;Nao respondeu;Nao;Nao;Nao;Nao;Sim;Sim;Sim;Nao;Nao;Nao;Nao;Nao;Nao;Nao;Nao;Nao;Nao;Nao;Nao;Nao;Nao;Nao;Nao;Nao;Nao;Nao;Nao;Nao
3195038188;Sim;Nao;Sim;Sim;Sim;Sim;Nao;Sim;Nao;Nao;Nao respondeu;Nao respondeu;Nao respondeu;Nao;Sim;Nao;Nao;Nao;Nao;Nao respondeu;Sim;Nao;Nao;Nao;Nao;Nao;Nao;Nao;Nao;Nao
3195032981;Sim;Sim;Nao;Nao;Sim;Sim;Nao;Sim;Nao;Sim;Nao;Nao;Sim;Nao respondeu;Sim;Nao;Nao respondeu;Nao;Nao;Nao;Nao;Nao;Nao;Nao;Nao;Sim;Nao;Nao;Nao;Nao
3195032582;Sim;Nao;Nao;Nao;Sim;Sim;Nao;Nao;Nao;Nao;Nao;Nao;Nao;Nao;Nao;Nao;Nao;Nao;Nao;Sim;Sim;Nao;Nao;Nao;Nao;Nao;Nao;Nao;Nao;Nao
3195026070;Sim;Nao;Sim;Sim;Sim;Sim;Nao;Sim;Nao;Nao;Nao respondeu;Nao;Nao respondeu;Nao respondeu;Nao respondeu;Nao;Nao respondeu;Nao;Nao;Sim;Nao;Sim;Nao respondeu;Sim;Nao respondeu;Nao;Nao;Nao;Nao;Sim
3195025009;Sim;Nao;Sim;Nao;Sim;Sim;Nao;Sim;Nao;Nao;Nao;Nao;Nao;Nao;Nao;Nao;Nao;Nao;Nao;Nao;Sim;Nao;Nao;Sim;Nao;Sim;Nao;Nao;Nao;Nao
3195018796;Sim;Nao;Sim;Nao;Nao;Nao;Nao;Sim;Sim;Nao;Nao;Nao;Nao;Nao;Nao;Nao;Nao;Nao;Nao;Sim;Nao;Nao;Nao;Nao;Nao;Nao;Nao;Nao;Nao;Nao
3195017608;Sim;Nao;Sim;Sim;Nao;Nao;Sim;Nao;Nao;Nao;Nao respondeu;Nao respondeu;Nao respondeu;Nao respondeu;Nao respondeu;Nao respondeu;Nao respondeu;Nao;Nao respondeu;Sim;Nao;Nao;Nao;Nao;Nao;Nao;Nao;Nao;Nao;Nao
3195010917;Sim;Nao;Nao;Nao;Sim;Sim;Nao;Sim;Sim;Nao;Sim;Nao;Nao;Nao;Sim;Nao;Nao;Nao;Sim;Nao;Sim;Nao;Nao;Sim;Nao;Sim;Nao;Nao;Nao;Nao
3195006376;Sim;Nao;Sim;Nao;Sim;Sim;Nao;Sim;Sim;Nao;Nao;Nao;Sim;Nao respondeu;Nao respondeu;Nao respondeu;Nao respondeu;Nao respondeu;Nao respondeu;Nao respondeu;Nao;Nao;Nao;Nao;Nao;Nao;Nao;Nao;Nao;Nao
3194995465;Sim;Nao;Nao;Nao;Nao;Sim;Sim;Sim;Nao;Nao;Nao;Nao;Nao;Nao;Nao;Nao;Nao;Sim;Nao;Nao;Sim;Nao;Nao;Nao;Nao;Nao;Nao;Nao;Nao;Nao
3194993610;Sim;Nao;Sim;Nao;Nao;Sim;Nao;Nao;Nao;Nao;Nao;Nao respondeu;Nao respondeu;Nao respondeu;Nao respondeu;Nao;Nao;Nao;Nao;Nao;Nao respondeu;Nao respondeu;Nao respondeu;Nao respondeu;Nao respondeu;Nao respondeu;Nao respondeu;Nao respondeu;Nao respondeu;Nao
3194985956;Sim;Nao;Nao;Nao;Sim;Sim;Sim;Sim;Sim;Nao;Nao;Nao;Sim;Nao;Sim;Sim;Sim;Nao;Nao;Nao;Nao;Nao;Nao;Nao;Nao;Nao;Nao;Nao;Nao;Nao
3194981939;Sim;Nao;Sim;Nao;Sim;Sim;Sim;Sim;Sim;Nao;Nao respondeu;Nao respondeu;Nao respondeu;Nao respondeu;Sim;Nao respondeu;Nao;Nao;Nao;Nao;Nao;Nao;Nao;Nao;Nao;Nao respondeu;Nao;Nao;Nao;Nao
3194979394;Sim;Nao;Sim;Nao;Sim;Sim;Nao;Sim;Nao respondeu;Nao;Nao respondeu;Nao respondeu;Nao respondeu;Nao respondeu;Nao respondeu;Nao respondeu;Nao respondeu;Nao respondeu;Nao respondeu;Nao respondeu;Nao respondeu;Nao respondeu;Nao respondeu;Nao respondeu;Nao respondeu;Sim;Nao respondeu;Nao respondeu;Nao;Nao
3194976179;Sim;Nao;Nao;Nao;Nao;Nao;Sim;Nao;Sim;Nao;Sim;Nao;Nao;Nao;Sim;Nao;Nao;Nao;Nao;Sim;Sim;Nao;Nao;Sim;Sim;Nao;Nao;Nao;Nao;Nao
3194975149;Sim;Nao;Nao;Sim;Nao;Nao;Nao;Nao;Nao;Nao;Nao respondeu;Nao respondeu;Nao respondeu;Nao respondeu;Nao respondeu;Nao respondeu;Nao respondeu;Nao respondeu;Nao respondeu;Nao respondeu;Nao;Nao;Nao;Nao;Nao;Nao;Nao;Nao;Nao;Nao
3194965869;Sim;Nao;Nao;Sim;Nao;Nao;Nao;Nao;Sim;Nao;Nao;Nao;Nao respondeu;Nao respondeu;Sim;Nao;Nao;Nao;Nao;Nao respondeu;Nao;Nao;Nao;Nao;Nao;Sim;Nao;Nao;Nao;Nao
3194964948;Nao;Nao;Nao;Sim;Nao;Nao;Nao;Sim;Nao;Nao;Nao;Nao;Nao;Nao;Nao;Nao;Nao;Nao;Nao;Nao;Nao;Nao;Nao;Nao;Nao;Nao;Nao;Nao;Nao;Nao
3194957734;Sim;Nao;Sim;Sim;Sim;Sim;Nao;Sim;Sim;Nao;Nao;Nao;Nao;Nao;Nao;Nao;Nao;Nao;Sim;Sim;Nao;Nao;Nao;Sim;Nao;Sim;Nao;Nao;Nao;Nao
3194944173;Sim;Nao;Nao;Nao respondeu;Sim;Sim;Nao;Sim;Sim;Nao;Nao;Nao;Nao;Nao;Sim;Nao;Nao;Nao;Nao;Sim;Nao;Sim;Sim;Nao;Nao;Nao;Nao;Nao;Nao;Sim
3194936911;Sim;Nao;Nao;Nao;Sim;Sim;Nao;Sim;Sim;Nao;Nao;Nao;Nao;Nao;Nao respondeu;Nao;Nao;Nao;Nao;Nao;Nao;Nao;Nao;Nao;Nao;Sim;Nao;Nao;Nao;Nao
3194917728;Sim;Nao;Sim;Sim;Sim;Sim;Nao;Sim;Sim;Nao respondeu;Nao respondeu;Nao respondeu;Nao respondeu;Nao respondeu;Nao respondeu;Nao respondeu;Nao respondeu;Nao respondeu;Nao respondeu;Nao respondeu;Nao;Nao respondeu;Nao respondeu;Nao;Nao;Sim;Nao;Nao;Nao;Nao
3194916146;Sim;Nao;Sim;Sim;Sim;Sim;Nao;Sim;Sim;Nao;Sim;Nao;Nao;Sim;Nao;Nao;Nao;Nao;Nao;Sim;Nao;Nao;Nao;Nao;Sim;Nao;Nao;Sim;Nao;Nao
3194907946;Sim;Nao;Nao;Nao;Nao;Nao;Nao;Sim;Sim;Sim;Nao;Nao;Sim;Nao;Nao;Nao;Nao;Nao;Sim;Sim;Sim;Nao;Nao;Sim;Nao;Sim;Nao;Nao;Nao;Nao
3194906586;Sim;Nao;Sim;Nao;Nao;Nao;Nao;Sim;Sim;Nao respondeu;Nao respondeu;Nao respondeu;Nao respondeu;Nao respondeu;Nao respondeu;Nao respondeu;Nao respondeu;Nao respondeu;Nao respondeu;Nao respondeu;Nao;Nao respondeu;Nao respondeu;Sim;Nao respondeu;Nao respondeu;Nao respondeu;Nao respondeu;Nao respondeu;Nao
3194905357;Sim;Nao;Sim;Nao respondeu;Nao;Nao;Nao;Sim;Sim;Nao;Nao;Nao;Nao;Nao;Nao;Nao;Nao;Sim;Nao respondeu;Nao;Sim;Nao;Sim;Nao;Sim;Nao;Nao;Nao;Nao;Nao
3194900432;Sim;Nao;Sim;Sim;Sim;Sim;Nao;Sim;Nao;Nao;Nao;Nao;Nao;Nao;Nao;Nao;Nao;Nao;Nao;Nao;Nao;Nao;Nao;Sim;Nao;Nao;Nao;Nao;Nao;Nao
3194900145;Sim;Nao;Nao;Nao;Nao;Nao;Nao;Nao;Sim;Nao;Nao;Nao;Nao;Nao;Sim;Nao;Nao;Nao;Nao;Nao;Nao;Sim;Nao;Nao;Sim;Nao;Nao;Nao;Nao;Nao
3194899689;Sim;Nao;Nao;Nao;Sim;Sim;Nao;Sim;Sim;Nao;Nao respondeu;Nao respondeu;Nao respondeu;Nao respondeu;Nao respondeu;Nao respondeu;Nao respondeu;Nao respondeu;Nao respondeu;Nao respondeu;Sim;Nao respondeu;Nao respondeu;Nao respondeu;Nao respondeu;Sim;Nao respondeu;Nao respondeu;Nao respondeu;Nao respondeu
3194898403;Sim;Nao;Sim;Sim;Sim;Sim;Nao;Sim;Sim;Sim;Sim;Sim;Nao;Nao;Nao respondeu;Nao;Sim;Nao;Sim;Sim;Sim;Sim;Sim;Sim;Nao;Sim;Sim;Sim;Nao;Nao
3194893307;Sim;Nao;Nao;Nao;Sim;Sim;Nao;Sim;Nao;Nao;Nao;Nao;Nao;Nao;Nao;Nao;Nao;Sim;Nao;Nao;Nao;Nao;Nao;Sim;Nao;Nao;Nao;Nao;Sim;Nao
3194893087;Sim;Nao;Sim;Sim;Sim;Sim;Sim;Sim;Sim;Nao;Nao respondeu;Nao respondeu;Nao respondeu;Nao respondeu;Nao respondeu;Nao respondeu;Nao respondeu;Nao respondeu;Nao respondeu;Nao respondeu;Nao respondeu;Nao respondeu;Nao respondeu;Nao respondeu;Nao respondeu;Nao respondeu;Nao respondeu;Nao respondeu;Nao respondeu;Nao respondeu
3194888792;Sim;Nao;Sim;Sim;Nao;Sim;Sim;Nao;Sim;Nao;Nao;Nao;Nao;Nao;Nao;Nao;Nao;Nao;Nao;Sim;Sim;Nao;Nao;Sim;Nao;Sim;Nao;Nao;Nao;Nao
3194888464;Sim;Nao;Sim;Nao;Nao;Nao;Nao;Nao;Sim;Nao;Nao;Nao;Nao;Nao;Nao;Nao;Nao;Nao;Nao;Nao;Nao;Nao;Nao;Nao;Nao;Sim;Nao;Nao;Nao;Nao
3194881934;Sim;Nao;Sim;Nao;Nao respondeu;Nao respondeu;Nao;Nao;Nao respondeu;Nao respondeu;Nao respondeu;Nao respondeu;Nao respondeu;Nao respondeu;Nao respondeu;Nao respondeu;Nao respondeu;Nao respondeu;Nao respondeu;Nao respondeu;Nao respondeu;Nao respondeu;Nao respondeu;Nao respondeu;Nao respondeu;Nao respondeu;Nao respondeu;Nao respondeu;Nao respondeu;Nao respondeu
3194881230;Sim;Nao;Sim;Nao;Sim;Sim;Nao;Sim;Nao;Nao;Nao;Nao;Sim;Nao;Sim;Nao;Nao;Nao;Nao;Nao;Nao;Nao;Sim;Sim;Sim;Sim;Nao;Sim;Nao;Nao
3194879592;Sim;Nao;Nao;Nao;Nao;Nao;Nao;Nao;Nao;Nao;Nao;Nao;Sim;Sim;Sim;Nao;Sim;Nao;Sim;Sim;Sim;Sim;Sim;Sim;Sim;Sim;Nao;Nao;Nao;Nao
3194874669;Sim;Nao;Sim;Nao;Sim;Sim;Nao;Sim;Sim;Nao;Nao;Nao;Nao;Nao;Nao;Nao;Nao;Nao;Nao;Sim;Sim;Sim;Sim;Sim;Sim;Sim;Nao;Nao;Nao;Nao
3194869782;Sim;Nao;Sim;Nao;Sim;Sim;Nao;Sim;Sim;Nao;Nao;Nao;Nao;Nao;Sim;Nao;Sim;Nao;Sim;Nao;Sim;Nao;Sim;Nao;Sim;Nao;Nao;Sim;Nao;Sim
3194866304;Sim;Nao;Sim;Nao;Sim;Sim;Nao;Sim;Nao;Nao;Sim;Nao;Nao;Nao;Sim;Nao;Nao;Nao;Nao;Sim;Nao;Sim;Sim;Sim;Nao;Nao;Nao;Nao;Nao;Nao
3194866277;Sim;Nao;Sim;Nao;Sim;Sim;Sim;Sim;Sim;Nao;Nao;Nao;Nao;Nao;Nao;Nao;Nao;Nao;Nao;Sim;Sim;Sim;Nao respondeu;Nao respondeu;Nao;Sim;Nao;Nao;Nao;Nao
3194859430;Sim;Nao;Sim;Nao;Sim;Sim;Nao;Sim;Sim;Nao;Nao;Nao;Nao;Nao;Sim;Nao;Nao;Nao;Sim;Sim;Nao;Sim;Sim;Nao;Nao;Nao;Nao;Nao;Nao;Nao
3194854773;Sim;Nao;Nao;Nao;Sim;Sim;Sim;Sim;Sim;Nao;Nao;Nao;Nao;Nao;Nao respondeu;Nao respondeu;Nao respondeu;Nao respondeu;Nao respondeu;Nao respondeu;Nao respondeu;Nao respondeu;Nao respondeu;Nao respondeu;Nao respondeu;Nao respondeu;Nao respondeu;Nao respondeu;Nao respondeu;Nao respondeu
3194852431;Sim;Nao;Sim;Nao;Sim;Sim;Nao;Sim;Nao;Nao;Nao;Nao;Nao;Nao;Nao;Nao;Nao;Nao;Nao;Nao;Nao;Nao;Nao;Nao;Nao;Nao;Nao;Nao;Nao;Nao
3194851711;Sim;Nao;Sim;Nao;Sim;Sim;Nao;Sim;Nao;Nao;Nao;Nao;Nao;Nao;Nao;Nao;Nao;Nao;Nao;Sim;Nao;Nao;Nao;Nao;Nao;Sim;Nao;Nao;Nao;Nao
3194849085;Sim;Nao;Sim;Nao;Sim;Sim;Nao;Sim;Nao;Nao;Nao;Nao;Nao;Nao;Nao;Nao;Nao;Sim;Sim;Nao;Sim;Nao;Nao;Sim;Nao;Nao respondeu;Nao;Nao;Nao;Nao respondeu
3194848025;Sim;Nao;Sim;Nao;Sim;Sim;Nao;Nao;Sim;Sim;Sim;Nao;Nao;Nao;Sim;Nao;Nao;Nao;Sim;Sim;Nao;Nao;Nao;Sim;Sim;Sim;Nao;Nao;Nao;Nao
3194844702;Sim;Nao;Sim;Nao;Sim;Sim;Nao;Sim;Nao;Nao;Nao;Nao;Nao;Nao;Nao;Nao;Nao;Nao;Nao;Sim;Sim;Sim;Sim;Sim;Nao;Sim;Nao;Nao;Nao;Nao
3194843601;Sim;Nao;Sim;Nao;Sim;Sim;Nao;Sim;Sim;Nao;Nao;Nao;Nao;Nao;Nao;Nao;Nao;Nao;Nao;Nao;Nao;Nao;Nao;Nao;Nao;Nao;Nao;Nao;Nao;Nao
3194838155;Sim;Nao;Nao;Sim;Sim;Sim;Sim;Sim;Nao respondeu;Nao;Nao;Nao;Sim;Nao;Nao;Nao;Nao;Nao;Nao;Nao;Nao;Sim;Nao;Sim;Nao;Sim;Nao;Sim;Nao;Nao
3194835491;Sim;Nao;Sim;Nao;Sim;Sim;Nao;Sim;Sim;Nao;Nao;Nao;Nao;Nao;Nao;Nao;Nao;Nao;Nao;Sim;Nao;Sim;Sim;Sim;Nao;Sim;Nao;Nao;Nao;Nao
3194835346;Sim;Nao;Nao;Nao;Sim;Sim;Sim;Sim;Nao;Nao;Nao;Nao;Nao;Nao;Nao;Nao;Nao;Nao;Nao;Nao;Nao;Nao;Nao;Nao;Nao;Sim;Nao;Nao;Nao;Sim
3194835250;Sim;Nao;Sim;Sim;Nao;Sim;Nao;Nao;Nao;Nao;Sim;Sim;Sim;Nao;Sim;Nao;Sim;Nao;Nao;Sim;Sim;Nao;Nao;Nao;Nao;Sim;Sim;Sim;Nao;Nao
3194831439;Sim;Nao;Sim;Sim;Sim;Sim;Nao;Sim;Sim;Nao;Nao respondeu;Nao;Nao respondeu;Nao;Sim;Nao;Nao;Sim;Sim;Nao;Nao;Sim;Sim;Sim;Nao;Sim;Nao;Nao;Nao;Nao
3194826605;Sim;Nao;Sim;Sim;Sim;Sim;Nao;Nao;Sim;Nao;Nao;Nao;Nao respondeu;Nao;Nao;Nao;Nao;Nao;Nao;Nao;Nao;Nao;Nao;Nao;Nao;Sim;Nao;Nao;Nao;Nao
3194824778;Sim;Sim;Nao;Sim;Sim;Nao;Nao;Sim;Nao;Nao;Nao;Nao;Nao;Nao;Sim;Nao;Nao;Nao;Sim;Sim;Sim;Sim;Nao;Nao;Nao;Nao;Nao;Nao;Nao;Nao
3194821479;Sim;Nao;Nao;Nao;Sim;Sim;Nao;Nao;Sim;Nao;Nao respondeu;Nao;Nao;Nao;Sim;Nao;Nao;Sim;Sim;Nao;Nao;Nao respondeu;Nao respondeu;Nao;Nao respondeu;Sim;Nao respondeu;Nao respondeu;Nao;Nao respondeu
3194817884;Sim;Nao;Sim;Nao;Sim;Sim;Sim;Sim;Sim;Nao;Nao;Nao;Nao;Nao;Nao;Nao;Nao;Nao;Nao;Nao;Nao;Nao;Nao;Nao;Sim;Sim;Nao;Nao;Nao;Nao
3194816679;Sim;Nao;Nao;Nao respondeu;Sim;Nao;Nao respondeu;Sim;Sim;Nao;Nao respondeu;Nao;Nao respondeu;Nao respondeu;Sim;Nao;Nao;Nao;Nao;Nao;Nao;Nao;Nao;Nao;Nao;Nao;Nao;Nao;Nao;Nao
3194811861;Sim;Nao respondeu;Nao respondeu;Nao respondeu;Nao respondeu;Nao respondeu;Sim;Nao respondeu;Nao respondeu;Nao respondeu;Nao respondeu;Nao respondeu;Nao respondeu;Nao respondeu;Nao respondeu;Nao respondeu;Nao respondeu;Nao respondeu;Nao respondeu;Nao respondeu;Nao respondeu;Nao respondeu;Nao respondeu;Nao respondeu;Nao respondeu;Nao respondeu;Nao respondeu;Nao respondeu;Nao respondeu;Nao respondeu
3194811527;Sim;Nao;Sim;Sim;Sim;Sim;Sim;Sim;Sim;Sim;Sim;Sim;Nao;Nao;Sim;Nao;Nao;Nao;Sim;Nao;Sim;Nao;Nao;Nao;Nao;Sim;Nao;Nao;Nao;Nao
3194808823;Sim;Nao;Sim;Nao;Sim;Sim;Nao;Sim;Sim;Nao;Sim;Nao;Nao;Nao;Sim;Nao;Nao;Nao;Sim;Nao;Sim;Nao;Nao;Nao;Nao;Sim;Nao;Nao;Nao;Nao
3194808188;Sim;Nao;Nao;Nao;Sim;Nao;Nao;Nao;Nao;Nao;Nao;Nao;Sim;Nao;Sim;Nao;Nao respondeu;Nao;Nao;Nao;Nao;Nao;Nao;Nao;Nao;Nao;Nao;Nao;Nao;Nao
3194799744;Sim;Nao;Sim;Sim;Sim;Sim;Nao;Sim;Sim;Nao;Nao;Nao;Nao;Nao;Sim;Nao;Nao;Nao;Sim;Sim;Nao;Sim;Nao;Sim;Nao;Sim;Nao;Nao;Nao;Nao
3194797216;Sim;Nao;Sim;Nao;Nao;Sim;Nao;Sim;Sim;Nao;Nao;Nao;Nao;Nao;Nao;Nao;Nao;Nao;Nao;Nao respondeu;Nao;Nao;Nao respondeu;Nao respondeu;Nao respondeu;Sim;Nao respondeu;Nao respondeu;Nao;Nao respondeu
3194792314;Sim;Nao;Sim;Nao;Sim;Sim;Nao;Sim;Sim;Nao;Nao respondeu;Nao respondeu;Nao respondeu;Nao respondeu;Nao respondeu;Nao respondeu;Nao respondeu;Nao respondeu;Nao respondeu;Nao respondeu;Sim;Nao;Sim;Sim;Nao;Sim;Nao;Nao;Nao;Nao
3194790626;Sim;Nao;Sim;Nao;Sim;Sim;Sim;Sim;Sim;Nao;Nao;Nao;Nao;Nao;Nao;Nao;Nao;Nao;Nao;Sim;Nao;Nao;Nao;Nao;Nao;Sim;Nao;Nao;Nao;Nao
3194788386;Sim;Nao;Nao;Nao;Nao respondeu;Sim;Nao;Sim;Sim;Sim;Nao;Nao;Nao;Nao;Nao;Nao;Nao;Nao;Nao;Sim;Nao;Nao;Nao;Nao;Nao;Nao;Nao;Nao;Nao;Nao
3194783774;Sim;Nao;Nao;Nao;Nao;Nao;Nao;Sim;Nao;Nao;Sim;Sim;Nao respondeu;Nao;Sim;Nao;Nao;Nao;Nao;Nao;Sim;Nao;Nao;Nao;Nao;Sim;Nao;Nao;Nao;Nao
3194783374;Sim;Nao;Sim;Sim;Sim;Sim;Nao;Sim;Sim;Nao;Nao;Nao;Nao;Nao;Sim;Nao;Nao;Nao;Nao;Sim;Sim;Sim;Sim;Sim;Nao;Sim;Nao;Nao;Sim;Nao
3194774874;Sim;Nao;Nao;Nao;Sim;Sim;Nao;Sim;Nao;Nao;Nao respondeu;Nao respondeu;Nao respondeu;Nao respondeu;Nao respondeu;Nao;Nao;Nao;Nao;Sim;Nao;Sim;Nao respondeu;Sim;Sim;Nao;Nao;Nao;Nao;Nao
3194773376;Sim;Nao;Nao;Sim;Sim;Sim;Sim;Sim;Nao respondeu;Nao respondeu;Nao respondeu;Nao respondeu;Nao;Nao;Nao respondeu;Nao respondeu;Nao respondeu;Nao respondeu;Nao respondeu;Sim;Nao respondeu;Nao respondeu;Nao respondeu;Nao;Nao;Sim;Nao;Nao;Nao;Nao respondeu
3194768049;Sim;Nao;Sim;Nao;Sim;Sim;Nao;Sim;Sim;Nao;Sim;Nao;Nao;Nao;Sim;Nao;Nao;Nao;Sim;Nao;Nao;Nao;Sim;Sim;Sim;Sim;Nao;Nao;Sim;Nao
3194767987;Sim;Nao;Nao;Nao;Sim;Sim;Nao;Sim;Nao;Nao;Nao;Nao;Nao;Nao;Sim;Nao;Nao;Nao;Nao;Nao;Nao;Nao;Nao;Nao;Nao;Nao;Nao;Nao;Nao;Nao
3194763925;Sim;Nao;Nao;Nao;Sim;Sim;Nao;Sim;Nao;Nao;Nao;Nao;Nao;Nao;Nao;Nao;Nao;Nao;Nao;Sim;Sim;Nao;Nao;Nao;Nao;Sim;Nao;Nao;Nao;Nao
3194758339;Sim;Nao;Nao;Nao;Nao respondeu;Nao respondeu;Sim;Sim;Sim;Nao;Nao;Nao;Nao respondeu;Nao;Sim;Nao;Nao;Nao;Nao;Nao respondeu;Nao;Nao respondeu;Nao respondeu;Nao;Nao respondeu;Nao respondeu;Nao respondeu;Nao respondeu;Nao;Nao respondeu
3194757686;Sim;Sim;Sim;Sim;Sim;Sim;Nao;Sim;Nao;Sim;Sim;Sim;Sim;Sim;Nao;Nao;Nao;Sim;Nao;Nao;Sim;Nao;Nao;Sim;Nao;Sim;Nao;Sim;Nao;Nao
3194755608;Sim;Nao;Nao;Sim;Sim;Sim;Nao;Sim;Sim;Nao;Nao;Nao;Nao;Nao;Sim;Nao;Nao;Sim;Sim;Nao;Sim;Nao;Nao;Nao;Sim;Nao;Nao;Sim;Nao;Nao
3194752976;Sim;Nao;Nao;Nao;Sim;Sim;Nao;Nao;Nao;Nao;Nao;Sim;Sim;Nao;Nao;Nao;Nao;Nao;Nao;Nao;Nao;Nao;Nao;Sim;Nao;Nao;Nao;Nao;Nao;Nao
3194752660;Sim;Nao;Sim;Sim;Sim;Sim;Nao;Nao;Nao;Nao;Nao respondeu;Nao respondeu;Nao respondeu;Nao respondeu;Nao respondeu;Nao respondeu;Nao respondeu;Nao respondeu;Nao respondeu;Nao respondeu;Nao respondeu;Nao;Nao;Nao;Nao;Sim;Nao;Nao;Nao;Nao
3194746374;Sim;Nao;Sim;Nao;Sim;Sim;Nao;Sim;Nao;Nao;Nao;Nao;Nao respondeu;Nao;Sim;Nao;Nao;Nao;Sim;Sim;Sim;Nao respondeu;Sim;Nao respondeu;Nao;Sim;Nao respondeu;Sim;Nao respondeu;Nao
3194745766;Sim;Nao;Sim;Sim;Sim;Sim;Nao;Sim;Nao;Nao;Nao respondeu;Nao respondeu;Nao respondeu;Nao respondeu;Nao respondeu;Nao respondeu;Nao respondeu;Nao respondeu;Nao respondeu;Nao respondeu;Sim;Nao respondeu;Nao respondeu;Sim;Nao;Sim;Nao;Nao;Nao;Nao
3194742010;Sim;Nao;Nao;Sim;Sim;Sim;Sim;Sim;Sim;Nao;Sim;Sim;Nao;Sim;Nao;Nao;Sim;Nao;Sim;Nao;Sim;Nao;Nao;Sim;Sim;Sim;Nao;Nao;Nao;Nao
3194741267;Sim;Nao;Nao;Sim;Sim;Sim;Nao;Sim;Sim;Nao;Nao;Nao;Nao;Nao;Nao;Nao;Nao;Nao;Nao;Sim;Nao;Nao respondeu;Nao;Sim;Nao;Sim;Nao;Nao;Nao;Nao
3194739829;Sim;Nao;Nao;Nao;Nao;Nao;Nao respondeu;Nao;Nao respondeu;Sim;Nao;Nao respondeu;Nao respondeu;Nao respondeu;Nao respondeu;Nao;Nao respondeu;Nao;Nao respondeu;Nao;Sim;Nao;Nao;Nao;Nao respondeu;Nao;Nao respondeu;Nao respondeu;Nao;Nao respondeu
3194731415;Sim;Nao;Sim;Sim;Nao;Sim;Nao;Nao;Nao;Nao;Nao;Nao;Sim;Nao;Nao;Nao;Nao;Nao;Nao;Nao;Sim;Nao;Nao;Sim;Sim;Sim;Nao;Nao;Nao;Nao
3194728847;Sim;Nao;Nao;Sim;Sim;Nao respondeu;Sim;Sim;Sim;Nao;Nao;Nao;Nao;Nao;Sim;Nao;Nao;Nao;Nao;Nao;Nao respondeu;Nao;Nao;Nao;Nao;Nao respondeu;Nao;Nao;Nao;Nao
3194727837;Sim;Nao;Nao;Nao;Sim;Nao;Nao;Sim;Sim;Nao;Nao;Nao;Sim;Nao;Sim;Nao;Nao;Nao;Nao;Sim;Sim;Nao;Sim;Sim;Nao;Sim;Nao;Nao;Nao;Nao
3194724702;Sim;Nao;Sim;Sim;Sim;Sim;Nao;Sim;Sim;Nao;Nao;Sim;Sim;Sim;Nao;Nao;Nao;Sim;Sim;Nao;Nao;Nao;Sim;Nao;Nao;Sim;Nao;Sim;Nao;Nao
3194720576;Sim;Nao;Sim;Nao;Sim;Sim;Nao;Nao;Nao;Nao;Nao;Nao;Nao;Nao;Nao respondeu;Nao respondeu;Nao respondeu;Nao respondeu;Nao respondeu;Nao respondeu;Sim;Nao;Nao;Nao;Nao;Nao;Nao;Nao;Nao;Nao
3194717890;Sim;Nao;Nao;Sim;Sim;Sim;Nao;Nao;Sim;Sim;Sim;Nao;Nao;Nao;Nao;Nao;Nao;Nao;Nao;Sim;Sim;Nao;Sim;Sim;Nao;Sim;Sim;Nao;Sim;Nao
3194715932;Sim;Nao;Nao;Nao;Sim;Sim;Nao;Sim;Nao;Nao;Nao;Nao;Nao;Nao;Nao;Nao;Nao;Nao;Nao;Sim;Nao;Nao;Nao;Nao;Nao;Sim;Nao;Nao;Nao;Nao
3194710356;Sim;Sim;Nao;Sim;Sim;Nao;Sim;Sim;Nao;Sim;Nao;Sim;Sim;Nao;Nao;Nao;Nao;Sim;Nao;Sim;Sim;Sim;Sim;Sim;Nao;Sim;Nao;Nao;Nao;Nao
3194710038;Sim;Nao;Sim;Nao;Sim;Sim;Nao;Nao;Nao respondeu;Nao;Nao;Nao;Nao respondeu;Nao respondeu;Nao respondeu;Nao respondeu;Nao;Nao;Nao;Nao;Nao;Nao respondeu;Nao respondeu;Nao;Nao respondeu;Nao respondeu;Nao respondeu;Nao respondeu;Nao respondeu;Nao respondeu
3194704345;Sim;Nao;Nao;Nao respondeu;Sim;Sim;Nao;Nao;Sim;Nao;Nao;Nao;Nao;Nao;Nao;Nao;Nao;Nao;Nao;Sim;Sim;Nao;Nao;Nao;Nao;Nao;Nao;Nao;Nao;Nao
3194699906;Sim;Sim;Sim;Nao;Sim;Sim;Nao;Sim;Nao;Nao;Nao;Nao;Nao;Nao;Nao;Nao;Nao;Nao;Nao;Nao;Nao;Nao;Nao;Nao;Nao respondeu;Sim;Nao;Nao;Nao;Nao
3194694895;Sim;Sim;Nao;Sim;Sim;Sim;Nao;Sim;Sim;Nao;Sim;Sim;Sim;Sim;Nao;Nao;Nao;Sim;Sim;Sim;Sim;Sim;Sim;Sim;Nao;Sim;Sim;Nao;Nao;Nao
3194692122;Sim;Nao;Sim;Sim;Sim;Sim;Nao;Sim;Nao;Nao;Nao;Nao;Nao;Nao;Nao respondeu;Nao respondeu;Nao respondeu;Nao respondeu;Nao respondeu;Nao respondeu;Nao;Nao respondeu;Nao respondeu;Sim;Nao;Sim;Nao respondeu;Nao respondeu;Nao respondeu;Nao respondeu
3194688149;Sim;Nao;Sim;Nao;Sim;Nao;Nao;Nao;Nao;Nao;Nao;Nao;Nao;Nao;Nao;Nao;Nao;Nao;Nao;Sim;Sim;Nao;Nao;Nao;Nao;Nao;Nao;Nao;Nao;Nao
3194686326;Sim;Sim;Sim;Nao;Sim;Sim;Sim;Sim;Sim;Nao;Sim;Nao;Nao;Nao;Sim;Nao;Nao;Sim;Sim;Sim;Sim;Nao;Nao;Sim;Sim;Sim;Nao;Nao;Nao;Nao
3194683944;Sim;Nao;Sim;Nao;Sim;Sim;Nao;Sim;Nao;Nao;Nao;Nao;Nao;Nao;Nao;Nao;Nao;Nao;Nao;Nao;Nao;Nao;Nao;Nao;Nao;Nao;Nao;Nao;Nao;Nao
3194679041;Nao;Nao;Nao;Sim;Sim;Nao;Sim;Sim;Sim;Sim;Nao;Nao;Nao;Nao respondeu;Sim;Nao;Nao;Sim;Nao;Nao;Nao;Nao;Nao;Nao;Nao;Nao;Nao;Nao;Nao;Nao
3194674830;Sim;Nao;Nao;Sim;Sim;Nao;Nao;Sim;Sim;Nao;Nao;Nao;Nao;Nao;Sim;Nao;Nao;Nao;Nao;Nao;Sim;Nao;Nao;Sim;Nao;Nao;Nao;Nao;Nao;Nao
3194668633;Sim;Nao;Sim;Nao;Sim;Sim;Nao;Sim;Nao;Nao;Nao;Nao;Nao;Nao;Sim;Nao;Nao;Nao;Sim;Nao;Sim;Nao;Nao;Nao;Nao;Nao;Nao;Nao;Nao;Nao
3194663313;Nao;Nao;Sim;Sim;Sim;Sim;Nao;Sim;Sim;Nao;Nao;Nao;Nao;Nao;Sim;Nao;Nao;Nao;Nao;Nao;Sim;Sim;Sim;Sim;Sim;Nao;Nao;Nao;Nao;Nao
3194658793;Sim;Nao;Nao respondeu;Nao;Sim;Sim;Nao;Nao;Sim;Nao;Nao;Nao;Nao;Nao;Nao respondeu;Nao;Nao;Nao;Nao;Sim;Nao respondeu;Nao respondeu;Nao respondeu;Nao respondeu;Nao respondeu;Nao respondeu;Nao respondeu;Nao respondeu;Nao respondeu;Nao respondeu
3194655444;Sim;Nao;Nao;Nao;Sim;Sim;Nao;Sim;Sim;Nao;Nao;Nao;Sim;Nao;Sim;Nao;Nao;Sim;Nao respondeu;Nao;Nao;Sim;Nao;Nao;Sim;Sim;Nao;Nao;Nao;Nao
3194651023;Sim;Nao;Sim;Nao;Sim;Sim;Sim;Sim;Sim;Nao;Nao;Nao;Nao;Nao;Sim;Nao;Nao;Nao;Nao;Sim;Nao;Nao;Nao;Nao;Nao;Sim;Nao;Nao;Nao;Nao
3194646660;Sim;Nao;Nao;Nao;Nao;Nao;Nao;Nao;Nao;Nao;Nao;Nao;Nao;Nao;Nao;Nao;Nao;Nao;Nao;Nao;Nao;Nao;Nao;Nao;Nao;Sim;Nao;Nao;Nao;Nao
3194641044;Sim;Nao;Nao;Nao;Sim;Sim;Nao;Sim;Sim;Nao;Nao;Nao;Nao;Nao;Sim;Nao;Nao;Nao;Nao;Nao;Nao;Nao;Nao;Nao;Nao;Sim;Nao;Nao;Nao;Nao
3194636312;Sim;Nao;Nao;Nao;Sim;Sim;Nao;Sim;Sim;Nao;Nao;Nao;Nao;Nao;Sim;Nao;Nao;Nao;Nao;Sim;Nao;Nao;Nao;Nao;Nao;Sim;Nao;Nao;Nao;Nao
3194632563;Sim;Nao;Nao;Nao;Sim;Sim;Sim;Sim;Nao;Nao;Nao;Nao respondeu;Nao respondeu;Nao;Nao respondeu;Nao;Nao;Nao;Nao;Nao respondeu;Nao;Nao respondeu;Nao respondeu;Nao respondeu;Nao respondeu;Nao respondeu;Nao respondeu;Nao respondeu;Nao respondeu;Nao respondeu
3194626373;Sim;Nao;Nao;Nao;Sim;Sim;Nao;Sim;Nao;Nao;Nao;Nao;Sim;Nao;Nao;Nao;Nao;Nao;Nao;Nao;Nao;Nao;Nao;Nao;Nao;Nao;Nao;Nao;Nao;Nao
3194618568;Sim;Nao;Nao;Nao;Nao;Nao;Nao;Sim;Sim;Nao;Nao;Nao;Nao;Nao;Sim;Nao;Sim;Nao;Nao;Nao;Sim;Nao;Nao;Nao;Sim;Sim;Nao;Nao;Nao;Nao
3188154309;Sim;Nao;Nao;Sim;Sim;Sim;Nao;Sim;Sim;Nao;Nao;Nao;Nao;Nao;Sim;Nao;Nao;Nao;Sim;Sim;Nao;Nao;Nao;Nao;Nao;Sim;Nao;Sim;Nao;Nao
3188143242;Sim;Nao;Sim;Nao;Sim;Sim;Nao;Sim;Nao respondeu;Nao;Nao respondeu;Nao;Nao;Nao;Nao;Nao;Nao;Nao;Nao;Nao;Nao;Nao;Nao;Nao;Nao;Nao;Nao;Nao;Nao;Nao
3188133675;Sim;Nao;Sim;Sim;Sim;Sim;Nao;Sim;Nao;Nao;Nao;Nao;Nao;Nao;Sim;Nao;Nao;Nao;Nao;Sim;Nao;Nao;Nao;Nao;Nao;Sim;Nao;Nao;Nao;Nao
3188115015;Sim;Nao;Sim;Nao;Sim;Sim;Nao;Sim;Nao;Sim;Nao;Nao;Nao;Nao;Nao;Nao;Nao;Nao;Nao;Sim;Nao;Sim;Nao;Nao;Nao;Sim;Nao;Nao;Nao;Nao
3188104088;Sim;Nao;Sim;Nao;Nao;Nao;Nao;Nao;Sim;Nao;Sim;Nao;Nao;Nao;Sim;Nao;Nao;Nao;Sim;Nao;Nao;Sim;Sim;Nao;Nao;Sim;Nao;Nao;Nao;Nao
3188095943;Sim;Nao;Nao;Nao;Sim;Sim;Nao;Sim;Nao;Nao;Nao respondeu;Nao respondeu;Nao respondeu;Nao respondeu;Nao respondeu;Nao respondeu;Nao respondeu;Nao respondeu;Nao respondeu;Nao respondeu;Nao;Nao;Nao respondeu;Nao respondeu;Nao respondeu;Nao respondeu;Nao respondeu;Nao respondeu;Nao respondeu;Nao respondeu
3188086289;Sim;Nao;Nao;Sim;Nao;Sim;Nao;Sim;Nao;Nao;Nao;Nao;Nao;Nao;Sim;Nao;Nao;Nao;Nao;Nao;Nao;Sim;Sim;Nao;Nao respondeu;Nao respondeu;Nao respondeu;Nao respondeu;Nao respondeu;Nao respondeu
3188076209;Sim;Nao;Nao;Nao;Nao;Nao;Nao;Nao;Sim;Nao;Nao;Nao;Nao;Nao;Nao;Nao;Nao;Nao;Nao;Nao;Nao;Nao;Nao;Nao;Nao;Sim;Nao;Nao;Nao;Nao
3188065147;Sim;Nao;Nao;Nao;Sim;Sim;Nao;Sim;Sim;Nao;Nao;Nao;Sim;Nao;Nao;Nao;Nao;Nao;Nao;Nao;Nao;Nao;Nao;Nao;Nao;Nao;Nao;Nao;Nao;Nao
3188054110;Sim;Nao;Nao;Nao;Sim;Sim;Nao;Sim;Sim;Nao;Nao;Nao;Nao;Nao;Sim;Nao;Nao;Sim;Nao;Nao;Nao;Nao;Nao;Nao;Sim;Nao;Nao;Nao;Nao;Nao
3188035986;Sim;Nao;Nao;Nao;Nao;Nao;Sim;Nao;Sim;Nao;Nao;Nao;Nao;Nao;Sim;Nao;Nao;Nao;Sim;Nao;Nao;Nao;Nao;Nao;Nao;Nao;Nao;Nao;Nao;Nao respondeu
3187999647;Sim;Nao;Nao;Nao;Nao;Nao;Nao;Nao;Nao;Nao;Nao;Nao;Nao;Nao;Nao;Nao;Nao;Nao;Nao;Sim;Sim;Nao;Nao;Nao;Nao;Nao;Nao;Nao;Nao;Nao
3187992362;Sim;Nao;Sim;Sim;Sim;Sim;Nao;Sim;Sim;Nao;Nao respondeu;Nao respondeu;Nao respondeu;Nao respondeu;Nao respondeu;Nao respondeu;Nao respondeu;Nao respondeu;Nao respondeu;Nao respondeu;Sim;Nao respondeu;Nao respondeu;Sim;Sim;Sim;Nao;Nao;Nao;Nao
3187985861;Sim;Nao;Nao;Nao;Sim;Sim;Nao;Nao;Nao respondeu;Nao respondeu;Nao respondeu;Nao respondeu;Nao respondeu;Nao respondeu;Nao respondeu;Nao respondeu;Nao respondeu;Nao respondeu;Nao respondeu;Nao respondeu;Nao respondeu;Nao respondeu;Nao respondeu;Nao respondeu;Nao respondeu;Nao respondeu;Nao respondeu;Nao respondeu;Nao respondeu;Nao respondeu
3187979325;Sim;Nao respondeu;Sim;Nao;Sim;Sim;Nao;Sim;Nao;Nao;Nao;Nao;Nao;Nao;Nao respondeu;Nao;Nao;Nao;Nao;Sim;Nao;Sim;Sim;Nao;Nao respondeu;Sim;Nao;Nao;Nao;Nao
3187960138;Sim;Nao;Nao;Nao;Nao;Nao;Nao;Nao;Sim;Nao;Nao respondeu;Nao respondeu;Nao;Nao;Sim;Nao;Nao;Nao;Nao respondeu;Nao;Nao;Nao respondeu;Nao;Nao;Nao;Nao respondeu;Nao respondeu;Nao;Nao;Nao respondeu
3187949594;Sim;Nao;Nao;Nao;Sim;Sim;Nao;Sim;Sim;Nao;Nao;Nao;Nao respondeu;Nao;Sim;Nao;Nao;Nao;Nao;Nao;Nao;Nao;Nao;Nao;Nao;Sim;Nao;Nao;Nao;Nao
3187941613;Sim;Nao;Sim;Nao;Sim;Sim;Sim;Sim;Sim;Nao;Nao;Nao;Sim;Nao;Sim;Nao;Nao;Nao;Nao;Sim;Sim;Nao;Nao;Nao;Nao;Sim;Nao;Nao;Nao;Nao
3187910026;Sim;Nao;Sim;Nao;Sim;Sim;Sim;Sim;Sim;Nao;Nao;Nao;Nao;Nao;Nao;Nao;Nao;Nao;Nao;Nao;Nao;Nao;Nao;Nao;Nao;Sim;Nao;Nao;Nao;Nao
3186738243;Sim;Nao;Sim;Nao;Nao;Nao;Nao;Sim;Sim;Nao;Nao;Nao;Nao respondeu;Nao;Nao respondeu;Nao respondeu;Nao respondeu;Nao;Nao;Nao;Sim;Nao respondeu;Nao;Nao;Nao respondeu;Sim;Nao respondeu;Nao respondeu;Nao respondeu;Nao
3186732763;Nao;Nao;Nao;Sim;Sim;Sim;Nao;Nao;Nao respondeu;Sim;Nao;Nao;Sim;Nao;Sim;Nao;Nao;Nao;Nao;Nao;Sim;Nao;Sim;Nao;Nao;Nao;Nao;Nao;Nao;Nao
3186727137;Sim;Nao respondeu;Nao respondeu;Sim;Sim;Sim;Nao respondeu;Sim;Nao respondeu;Nao respondeu;Nao respondeu;Nao respondeu;Nao respondeu;Nao respondeu;Nao respondeu;Nao respondeu;Nao respondeu;Nao respondeu;Sim;Nao respondeu;Nao respondeu;Nao respondeu;Nao respondeu;Nao respondeu;Nao respondeu;Nao respondeu;Nao respondeu;Nao respondeu;Nao respondeu;Nao respondeu
3186721784;Sim;Nao;Sim;Sim;Sim;Sim;Nao;Nao;Nao;Nao;Nao;Nao;Nao;Nao;Nao;Nao;Nao;Nao;Nao;Nao;Nao;Nao;Nao;Sim;Nao;Sim;Nao;Nao;Nao;Nao
3186697389;Sim;Nao;Nao;Nao;Sim;Sim;Nao;Sim;Nao;Nao;Nao;Nao;Nao respondeu;Nao;Nao;Nao;Nao;Nao;Nao;Nao;Nao;Nao respondeu;Nao respondeu;Nao;Nao;Sim;Nao;Nao;Nao;Nao
3186691749;Sim;Nao;Nao;Nao;Nao respondeu;Sim;Nao;Sim;Sim;Sim;Nao;Nao;Nao;Nao;Nao;Nao;Nao;Nao;Nao;Nao;Nao;Nao;Nao;Nao;Nao;Nao;Nao;Nao;Nao;Nao
3186681954;Sim;Nao;Sim;Nao;Sim;Sim;Nao;Sim;Nao;Nao;Sim;Sim;Sim;Sim;Nao respondeu;Nao;Nao;Nao;Nao;Nao;Nao;Nao;Nao;Nao;Nao;Sim;Nao;Nao;Nao;Nao
3186665028;Sim;Nao;Sim;Nao;Sim;Sim;Sim;Sim;Sim;Nao;Nao;Nao;Nao respondeu;Nao;Sim;Nao;Nao;Nao;Nao;Nao;Nao;Nao;Nao;Sim;Nao;Sim;Nao;Nao;Nao;Nao
3186644817;Sim;Nao;Sim;Sim;Sim;Sim;Nao;Sim;Sim;Nao;Sim;Nao;Nao;Sim;Nao;Nao;Nao;Nao;Sim;Sim;Sim;Sim;Nao;Nao;Sim;Sim;Nao;Nao;Nao;Nao
3186358995;Sim;Nao;Sim;Sim;Sim;Nao;Sim;Sim;Sim;Nao;Nao;Nao;Nao;Nao;Nao;Nao;Nao;Nao;Nao;Sim;Nao;Nao;Nao;Nao;Sim;Nao;Nao;Sim;Nao;Nao
3186325854;Sim;Nao;Nao;Sim;Nao;Nao;Nao;Nao;Sim;Nao;Nao;Nao;Nao;Nao;Sim;Nao;Nao;Nao;Nao;Nao;Sim;Nao;Nao;Nao;Nao;Nao;Nao;Nao;Nao;Sim
3186302931;Sim;Nao;Sim;Sim;Sim;Sim;Nao;Sim;Sim;Nao;Nao;Nao;Nao;Nao;Sim;Nao;Nao;Nao;Sim;Sim;Nao;Nao;Nao;Nao;Sim;Sim;Nao;Nao;Nao;Nao
3186275768;Sim;Nao;Sim;Nao;Sim;Sim;Nao;Sim;Sim;Nao;Nao;Nao;Sim;Nao;Sim;Nao;Nao;Nao;Sim;Sim;Sim;Nao;Nao;Sim;Nao;Sim;Nao;Nao;Nao;Sim
3186251859;Sim;Nao;Sim;Nao;Sim;Sim;Nao;Sim;Sim;Nao;Nao;Nao respondeu;Sim;Nao;Nao;Nao;Nao;Nao;Sim;Nao;Sim;Sim;Nao;Nao;Nao;Nao;Nao;Nao;Nao;Nao
3186229764;Sim;Nao;Sim;Nao;Sim;Sim;Nao;Sim;Nao;Nao;Nao;Nao;Nao;Nao;Sim;Nao;Nao;Nao;Sim;Sim;Nao;Nao;Nao;Nao;Nao;Sim;Nao;Nao;Nao;Nao
3186206099;Sim;Nao;Sim;Nao;Sim;Nao;Nao;Nao;Nao;Nao;Sim;Nao;Nao;Nao;Sim;Nao;Nao;Nao;Sim;Sim;Sim;Sim;Sim;Sim;Sim;Nao respondeu;Nao respondeu;Nao;Nao;Nao
3186182992;Sim;Nao;Nao;Nao;Sim;Nao respondeu;Nao;Nao respondeu;Nao respondeu;Nao;Nao respondeu;Nao respondeu;Nao respondeu;Nao respondeu;Nao respondeu;Nao respondeu;Nao respondeu;Nao respondeu;Nao respondeu;Nao respondeu;Nao;Nao respondeu;Nao respondeu;Sim;Sim;Nao respondeu;Nao respondeu;Nao;Nao respondeu;Nao
3186144075;Sim;Nao;Sim;Nao;Sim;Sim;Nao;Sim;Sim;Nao;Nao;Nao;Nao;Nao;Sim;Nao;Nao;Nao;Sim;Sim;Sim;Nao;Nao;Nao;Nao;Sim;Nao;Nao;Nao;Sim
3186142623;Sim;Nao;Nao;Nao;Sim;Sim;Nao;Sim;Sim;Nao;Nao;Nao;Nao;Nao;Nao;Nao;Nao;Nao;Nao;Nao;Sim;Sim;Nao;Nao;Nao;Nao;Nao;Nao;Nao;Nao
3186136951;Sim;Nao;Nao;Nao;Sim;Sim;Nao;Sim;Nao;Nao;Nao;Nao;Nao respondeu;Nao respondeu;Nao respondeu;Nao;Nao respondeu;Nao;Nao;Nao;Sim;Nao respondeu;Nao respondeu;Nao;Nao;Sim;Nao;Nao;Nao;Nao
3186132337;Sim;Nao;Sim;Nao;Sim;Sim;Nao;Sim;Sim;Nao;Nao;Nao;Nao;Nao;Sim;Nao;Nao;Nao;Sim;Sim;Sim;Nao;Sim;Nao;Nao;Nao;Nao;Nao;Nao;Nao respondeu
3186125676;Sim;Nao respondeu;Sim;Nao;Sim;Sim;Nao;Sim;Sim;Nao;Sim;Nao;Sim;Nao;Sim;Nao;Nao;Sim;Sim;Nao;Sim;Nao;Sim;Sim;Sim;Sim;Nao;Nao;Nao;Nao
3186118638;Sim;Nao;Sim;Nao;Sim;Sim;Nao;Sim;Sim;Nao;Nao;Nao;Nao;Nao;Sim;Nao;Nao;Nao;Nao;Sim;Sim;Sim;Nao;Nao;Sim;Sim;Nao;Sim;Nao;Nao respondeu
3186112686;Sim;Nao;Nao;Sim;Sim;Sim;Nao;Sim;Sim;Nao;Sim;Nao;Nao;Nao;Sim;Nao;Nao;Nao;Sim;Sim;Nao;Sim;Sim;Sim;Nao;Sim;Nao;Nao;Nao;Nao
3186100443;Sim;Nao;Nao;Nao respondeu;Sim;Sim;Nao;Sim;Sim;Nao;Nao;Nao;Nao respondeu;Nao;Nao;Nao;Nao respondeu;Nao;Sim;Nao;Sim;Sim;Sim;Sim;Nao;Sim;Nao;Nao;Nao;Nao
3186093943;Sim;Sim;Sim;Nao;Sim;Sim;Nao;Sim;Sim;Nao;Sim;Nao;Nao;Sim;Nao;Nao;Sim;Sim;Sim;Sim;Sim;Nao;Sim;Nao;Nao;Sim;Nao;Sim;Sim;Sim
3186086444;Nao;Nao;Nao;Nao;Nao;Sim;Nao;Nao;Sim;Nao respondeu;Nao;Nao;Nao;Nao;Nao;Nao;Nao;Nao;Nao;Nao;Nao;Nao;Nao;Nao;Nao;Nao;Nao;Nao;Nao;Nao
3186076346;Sim;Nao;Sim;Nao;Sim;Sim;Sim;Nao;Sim;Nao;Sim;Sim;Nao;Nao;Sim;Nao;Nao;Nao;Sim;Sim;Sim;Nao;Nao;Nao;Sim;Sim;Nao;Sim;Nao;Nao
3186068314;Sim;Nao;Sim;Sim;Sim;Sim;Sim;Sim;Sim;Sim;Sim;Nao;Nao;Nao;Sim;Nao;Nao;Nao;Nao;Sim;Sim;Nao;Nao;Nao;Nao;Nao;Nao;Nao;Nao;Nao
3186060369;Sim;Nao;Sim;Nao;Sim;Sim;Nao;Sim;Sim;Nao;Sim;Nao;Nao;Nao;Sim;Nao;Nao;Nao;Sim;Nao;Sim;Nao;Nao;Sim;Sim;Sim;Nao;Nao;Nao;Nao
3186052848;Sim;Nao;Sim;Nao;Nao;Sim;Nao;Nao;Sim;Nao;Nao;Nao;Nao respondeu;Nao;Sim;Nao;Nao;Nao;Sim;Sim;Sim;Nao respondeu;Nao respondeu;Nao;Nao;Nao;Nao;Nao;Nao;Nao
3186034565;Sim;Nao;Sim;Nao;Sim;Sim;Nao;Sim;Sim;Nao;Nao;Nao respondeu;Nao;Nao;Sim;Nao;Nao;Nao;Sim;Nao;Sim;Nao;Nao;Sim;Sim;Sim;Nao;Nao;Nao;Nao
3186025627;Sim;Nao;Sim;Nao;Sim;Sim;Nao;Sim;Sim;Nao;Nao;Nao;Nao;Nao;Nao;Nao;Nao;Nao;Nao respondeu;Sim;Nao;Sim;Nao;Sim;Nao;Sim;Nao;Nao;Nao;Nao
3186018278;Sim;Nao;Nao;Nao;Sim;Sim;Sim;Sim;Sim;Nao;Nao;Nao;Nao;Nao;Sim;Nao;Nao;Nao;Nao;Nao;Sim;Nao;Nao;Sim;Nao;Sim;Nao;Nao;Nao;Nao respondeu
3185995966;Sim;Sim;Sim;Sim;Sim;Sim;Nao;Sim;Sim;Sim;Nao;Sim;Sim;Sim;Nao;Nao;Nao;Nao;Sim;Sim;Sim;Nao respondeu;Sim;Nao;Nao respondeu;Sim;Nao;Nao;Nao;Nao
3185984387;Sim;Nao;Sim;Sim;Sim;Sim;Sim;Sim;Sim;Nao;Nao;Nao;Nao;Nao;Sim;Nao;Nao;Nao;Sim;Sim;Nao;Nao;Nao;Sim;Nao;Nao;Nao;Nao;Nao;Nao
3185975980;Sim;Nao;Sim;Nao;Sim;Nao;Sim;Sim;Sim;Nao;Sim;Nao;Sim;Nao;Nao respondeu;Nao;Nao;Sim;Sim;Nao;Sim;Nao;Nao;Nao;Nao;Nao;Nao;Sim;Nao;Nao
3185968856;Sim;Nao;Nao;Nao;Nao;Nao;Nao;Nao;Sim;Nao;Nao;Nao;Sim;Nao;Nao;Nao;Nao;Sim;Nao;Nao;Sim;Sim;Nao;Sim;Nao;Sim;Nao;Nao;Sim;Nao
3185963078;Sim;Nao;Sim;Sim;Sim;Sim;Sim;Sim;Nao;Nao;Nao respondeu;Nao respondeu;Nao respondeu;Nao respondeu;Nao respondeu;Nao respondeu;Nao respondeu;Nao respondeu;Nao respondeu;Nao respondeu;Nao respondeu;Nao respondeu;Nao respondeu;Nao respondeu;Nao respondeu;Nao respondeu;Nao respondeu;Nao respondeu;Nao respondeu;Nao respondeu
3185954980;Sim;Nao;Nao;Sim;Sim;Sim;Sim;Sim;Sim;Sim;Nao;Nao;Nao;Nao;Nao;Nao;Nao;Nao;Sim;Sim;Sim;Nao;Nao;Sim;Nao;Sim;Nao;Sim;Nao;Nao
3185937582;Sim;Nao respondeu;Sim;Nao;Sim;Sim;Nao;Sim;Sim;Nao;Sim;Nao;Sim;Nao;Sim;Nao;Sim;Sim;Nao;Nao;Sim;Nao;Sim;Sim;Sim;Sim;Nao;Nao;Nao;Nao
3185927738;Sim;Nao;Sim;Nao;Sim;Sim;Sim;Sim;Nao;Nao;Nao;Nao;Nao;Nao;Nao;Nao;Nao;Nao;Nao;Nao;Nao;Nao;Nao;Sim;Nao;Sim;Nao;Nao;Nao;Nao
3185876703;Sim;Sim;Sim;Nao;Sim;Sim;Nao;Sim;Nao;Nao;Nao;Nao;Nao;Nao;Nao;Nao;Nao;Nao;Sim;Sim;Sim;Sim;Sim;Nao;Nao;Sim;Nao;Sim;Nao;Nao
3185854794;Sim;Nao;Sim;Nao;Sim;Sim;Sim;Sim;Sim;Sim;Sim;Sim;Nao;Nao;Sim;Nao;Nao;Sim;Sim;Nao;Nao;Sim;Nao;Nao;Sim;Sim;Nao;Nao;Nao;Nao
3185837366;Sim;Nao;Nao;Nao;Sim;Sim;Nao;Sim;Sim;Nao;Sim;Nao;Nao;Nao;Sim;Nao;Nao;Sim;Nao;Nao;Sim;Nao;Nao;Sim;Nao;Nao;Nao;Nao;Nao;Nao
3185809953;Sim;Nao;Nao;Nao;Sim;Sim;Nao;Sim;Sim;Nao;Nao;Nao;Nao;Nao;Sim;Nao;Nao;Sim;Nao;Nao;Sim;Nao;Nao;Nao;Nao;Nao;Nao;Nao;Nao;Nao
3185775583;Sim;Nao;Nao;Sim;Sim;Sim;Sim;Sim;Sim;Nao;Nao;Nao;Nao;Nao;Nao;Nao;Sim;Sim;Sim;Nao;Sim;Nao;Nao;Nao;Sim;Nao;Nao;Nao;Nao;Nao
3185767082;Sim;Sim;Sim;Nao;Sim;Sim;Sim;Sim;Sim;Sim;Nao;Nao;Nao;Nao;Nao;Nao;Nao;Sim;Sim;Nao;Sim;Nao;Nao;Nao;Nao;Nao;Nao;Sim;Nao;Nao
3185760718;Sim;Nao;Sim;Nao;Sim;Sim;Nao;Sim;Sim;Nao;Nao;Nao;Nao;Sim;Sim;Nao;Nao;Sim;Nao;Sim;Sim;Sim;Sim;Sim;Nao;Sim;Nao;Nao;Nao;Nao
3185752880;Sim;Nao;Sim;Nao;Sim;Sim;Nao;Sim;Sim;Nao;Nao;Nao;Nao;Nao;Sim;Nao;Nao;Nao;Sim;Nao;Sim;Nao;Nao;Sim;Sim;Sim;Nao;Sim;Nao;Nao
3185745025;Sim;Nao;Nao;Nao;Sim;Sim;Nao;Sim;Sim;Nao;Nao;Nao;Nao;Nao;Nao;Nao;Nao;Nao;Nao;Nao;Sim;Nao;Nao;Nao;Nao;Sim;Nao;Nao;Nao;Nao
3185730999;Sim;Nao;Nao;Sim;Sim;Sim;Sim;Sim;Sim;Nao;Sim;Nao;Sim;Sim;Sim;Nao;Sim;Nao;Sim;Sim;Sim;Sim;Sim;Sim;Sim;Sim;Sim;Sim;Nao;Nao
3185707677;Sim;Nao;Sim;Nao;Sim;Sim;Nao;Sim;Sim;Nao;Nao;Nao;Sim;Nao;Sim;Nao;Nao;Sim;Nao;Nao;Nao;Nao;Sim;Nao;Sim;Sim;Nao;Sim;Nao;Nao
3185695468;Sim;Nao;Nao;Sim;Sim;Sim;Nao;Sim;Nao;Nao;Nao;Nao;Sim;Nao;Nao;Nao;Nao;Sim;Nao;Nao;Nao;Sim;Nao;Sim;Nao;Sim;Nao;Nao;Nao;Nao
3185682549;Sim;Nao;Nao;Sim;Sim;Nao;Nao;Sim;Sim;Nao;Sim;Nao;Sim;Nao;Sim;Nao;Nao;Sim;Nao;Nao;Sim;Nao;Sim;Sim;Sim;Nao;Nao;Sim;Nao;Nao
3185668885;Sim;Nao;Sim;Nao;Sim;Sim;Nao;Sim;Sim;Nao;Nao;Nao;Nao;Nao;Sim;Nao;Nao;Nao;Nao;Sim;Sim;Sim;Nao;Sim;Nao;Sim;Nao;Nao;Nao;Nao
3185660544;Sim;Nao;Nao;Sim;Sim;Sim;Nao;Sim;Sim;Nao;Nao;Nao;Nao;Nao;Sim;Nao;Nao;Nao;Nao;Sim;Nao;Nao;Nao;Sim;Sim;Sim;Nao;Nao;Nao;Nao
3185652448;Sim;Nao;Sim;Nao;Nao;Nao;Nao;Sim;Sim;Nao;Nao;Nao;Nao;Nao respondeu;Nao;Nao;Nao;Sim;Nao;Nao;Nao;Nao;Sim;Nao;Nao;Nao;Nao;Nao;Nao;Nao
3185648602;Sim;Nao;Sim;Nao;Sim;Sim;Nao;Sim;Sim;Sim;Sim;Nao;Nao;Nao;Sim;Sim;Nao;Nao;Nao;Sim;Sim;Nao respondeu;Nao;Sim;Sim;Sim;Nao;Nao;Nao;Nao
3185644730;Sim;Sim;Sim;Sim;Sim;Sim;Nao;Sim;Sim;Sim;Sim;Sim;Nao respondeu;Nao;Sim;Sim;Nao;Sim;Sim;Nao;Sim;Nao;Nao;Sim;Sim;Sim;Nao;Nao;Nao;Nao
3185642284;Sim;Sim;Nao;Nao;Sim;Sim;Nao;Sim;Sim;Sim;Nao;Nao;Nao;Nao;Nao;Nao;Nao;Nao;Sim;Nao;Nao;Nao;Sim;Sim;Sim;Sim;Nao;Nao;Nao;Sim
3185637820;Sim;Nao;Nao;Nao;Sim;Sim;Nao;Sim;Sim;Nao;Sim;Nao;Nao;Nao;Sim;Nao;Nao;Sim;Nao;Nao;Sim;Nao;Nao;Sim;Nao;Sim;Nao;Nao;Nao;Nao
3185637305;Sim;Nao;Nao respondeu;Nao respondeu;Sim;Sim;Sim;Sim;Sim;Nao;Sim;Nao;Sim;Sim;Nao;Nao;Nao;Sim;Nao;Nao;Nao;Sim;Sim;Nao;Sim;Sim;Nao;Sim;Nao;Nao
3185630474;Sim;Nao;Nao respondeu;Nao;Sim;Sim;Nao;Nao;Sim;Nao;Nao;Nao;Nao;Nao;Nao respondeu;Nao;Nao;Nao;Nao;Sim;Nao respondeu;Nao respondeu;Nao respondeu;Nao respondeu;Nao respondeu;Nao respondeu;Nao respondeu;Nao respondeu;Nao respondeu;Nao respondeu
3185630055;Sim;Nao;Sim;Nao;Sim;Sim;Nao;Sim;Sim;Nao;Nao;Nao;Nao;Sim;Sim;Nao;Nao;Sim;Nao;Sim;Sim;Sim;Sim;Nao;Nao;Sim;Nao;Nao;Nao;Nao
3185619090;Sim;Nao;Sim;Nao;Sim;Nao;Nao;Sim;Sim;Nao;Nao;Nao;Nao;Nao;Sim;Nao;Nao;Nao;Sim;Nao;Sim;Nao;Nao;Nao;Sim;Sim;Nao;Nao;Nao;Nao
3185615816;Sim;Nao;Nao;Nao;Sim;Sim;Nao;Nao;Sim;Nao;Nao;Nao;Nao;Nao;Nao;Nao;Nao;Nao;Sim;Nao;Sim;Sim;Sim;Sim;Nao;Sim;Nao;Nao;Nao;Nao
3185613502;Nao;Nao;Nao;Sim;Sim;Sim;Nao;Sim;Sim;Nao;Sim;Sim;Nao;Nao;Sim;Nao;Nao;Nao;Sim;Sim;Sim;Nao;Nao;Nao;Sim;Nao;Nao;Sim;Nao;Nao
3185597506;Sim;Nao;Nao;Nao;Sim;Sim;Nao;Sim;Sim;Nao;Nao;Nao;Sim;Sim;Sim;Nao;Nao;Sim;Nao;Nao;Nao;Nao;Nao;Nao;Nao;Nao;Nao;Nao;Sim;Nao
3185588105;Sim;Nao;Sim;Nao;Nao;Sim;Nao;Sim;Nao;Nao;Nao;Sim;Sim;Nao;Sim;Nao;Nao;Nao;Sim;Sim;Sim;Sim;Sim;Sim;Nao;Sim;Nao;Sim;Nao;Nao
3185582695;Sim;Nao;Sim;Nao;Sim;Sim;Nao;Sim;Sim;Sim;Nao;Nao;Nao;Nao;Sim;Nao;Nao;Sim;Sim;Sim;Nao;Nao;Sim;Nao;Sim;Sim;Nao;Nao;Nao;Nao
3185579095;Sim;Nao;Sim;Sim;Sim;Sim;Nao;Sim;Nao;Nao;Sim;Nao;Sim;Nao;Sim;Sim;Nao;Nao;Nao;Sim;Sim;Sim;Sim;Sim;Nao respondeu;Sim;Nao;Nao;Nao;Nao
3185576687;Nao;Nao;Nao;Nao;Sim;Sim;Nao;Sim;Sim;Sim;Nao;Sim;Sim;Nao;Nao;Nao;Nao respondeu;Sim;Sim;Nao;Sim;Sim;Sim;Sim;Nao;Sim;Nao;Sim;Nao;Nao
3185564714;Sim;Nao;Nao;Sim;Nao respondeu;Sim;Sim;Sim;Sim;Nao;Nao;Nao;Nao;Nao;Sim;Nao;Nao;Nao;Nao;Nao;Nao;Nao;Sim;Nao respondeu;Nao;Nao;Nao;Nao;Nao;Nao
3185563149;Sim;Nao;Sim;Nao;Sim;Sim;Nao;Sim;Sim;Nao;Nao;Sim;Nao respondeu;Nao;Nao;Nao;Nao;Nao;Sim;Sim;Sim;Nao;Sim;Nao;Nao;Sim;Nao;Nao;Nao;Nao
3185555696;Nao;Nao;Nao;Sim;Sim;Sim;Sim;Sim;Sim;Sim;Nao;Sim;Sim;Nao;Nao;Nao;Nao;Sim;Sim;Sim;Sim;Nao respondeu;Nao respondeu;Sim;Nao;Sim;Nao;Nao;Nao;Nao
3185553930;Sim;Nao;Sim;Nao;Sim;Sim;Sim;Sim;Nao respondeu;Sim;Sim;Nao;Sim;Nao;Nao;Nao;Sim;Sim;Sim;Nao;Sim;Sim;Sim;Sim;Nao;Sim;Nao;Nao;Nao;Nao
3185542754;Nao;Nao;Sim;Nao;Sim;Sim;Nao;Sim;Sim;Nao;Sim;Sim;Sim;Nao;Nao;Nao;Nao;Sim;Nao;Nao;Nao respondeu;Nao;Sim;Nao;Nao;Sim;Nao;Nao;Nao;Nao
3185535062;Nao;Nao respondeu;Nao;Nao;Sim;Sim;Nao;Sim;Sim;Sim;Sim;Nao;Sim;Sim;Nao;Nao;Sim;Nao;Sim;Nao;Sim;Sim;Sim;Sim;Nao;Sim;Nao;Sim;Nao;Nao
3185528430;Sim;Nao;Sim;Nao;Sim;Sim;Nao;Sim;Sim;Nao;Sim;Nao;Sim;Nao;Sim;Nao;Nao;Sim;Nao;Nao;Sim;Sim;Nao;Nao;Sim;Sim;Sim;Sim;Nao;Sim
3185523153;Sim;Nao;Sim;Nao;Sim;Sim;Sim;Sim;Sim;Nao;Sim;Nao;Sim;Nao;Sim;Nao;Sim;Sim;Nao;Nao;Sim;Sim;Sim;Sim;Nao;Sim;Sim;Sim;Sim;Nao
3185516254;Sim;Sim;Sim;Nao;Sim;Sim;Nao;Sim;Nao;Sim;Sim;Nao;Sim;Sim;Sim;Nao;Nao;Sim;Sim;Nao;Sim;Sim;Sim;Sim;Nao;Sim;Nao;Nao;Nao;Nao
3185509260;Sim;Nao;Sim;Nao;Sim;Sim;Sim;Sim;Nao;Nao;Nao;Nao;Sim;Sim;Nao;Nao;Nao;Sim;Sim;Nao;Sim;Nao;Sim;Nao;Nao;Sim;Nao;Nao;Sim;Nao
3185507113;Sim;Sim;Nao respondeu;Nao respondeu;Sim;Sim;Nao respondeu;Sim;Sim;Nao;Sim;Nao;Sim;Nao;Sim;Nao;Nao;Sim;Nao;Nao;Sim;Nao;Nao;Nao;Nao;Nao;Nao;Nao;Nao;Nao
3185503835;Sim;Nao;Nao;Nao;Nao;Sim;Nao;Nao;Sim;Nao;Sim;Nao;Nao;Nao;Sim;Nao;Nao;Nao;Nao;Nao;Nao;Nao;Nao;Nao;Nao;Nao;Nao;Nao;Nao;Nao
